filename,meat,veggie,noodle
0-food_tray-10-top.jpg,0,0,0
0-food_tray-12-top.jpg,0,0,0
0-food_tray-13-top.jpg,0,0,0
0-food_tray-14-top.jpg,0,0,0
0-food_tray-16-top.jpg,0,0,0
0-food_tray-17-top.jpg,0,0,0
0-food_tray-18-top.jpg,0,0,0
0-food_tray-19-top.jpg,0,0,0
0-food_tray-1-top.jpg,0,0,0
0-food_tray-20-top.jpg,0,0,0
0-food_tray-21-top.jpg,0,0,0
0-food_tray-22-top.jpg,0,0,0
0-food_tray-23-top.jpg,0,0,0
0-food_tray-24-top.jpg,0,0,0
0-food_tray-25-top.jpg,0,0,0
0-food_tray-2-top.jpg,0,0,0
0-food_tray-3-top.jpg,0,0,0
0-food_tray-4-top.jpg,0,0,0
0-food_tray-5-top.jpg,0,0,0
0-food_tray-6-top.jpg,0,0,0
0-food_tray-7-top.jpg,0,0,0
0-food_tray-8-top.jpg,0,0,0
0-food_tray-9-top.jpg,0,0,0
IMG_20191003_155108.jpg,3,5,24
IMG_20191003_155123.jpg,3,5,24
IMG_20191003_155158.jpg,3,5,24
IMG_20191003_155227.jpg,3,5,24
IMG_20191003_155716.jpg,3,5,42
IMG_20191003_155732.jpg,3,5,42
IMG_20191003_155738.jpg,3,5,42
IMG_20191003_155816.jpg,5,5,42
IMG_20191003_155823.jpg,5,5,42
IMG_20191003_155832.jpg,5,5,42
IMG_20191003_155838.jpg,5,5,42
IMG_20191003_155848.jpg,5,5,42
IMG_20191003_155933.jpg,5,10,42
IMG_20191003_155939.jpg,5,10,42
IMG_20191003_155954.jpg,5,10,42
IMG_20191003_160009.jpg,5,10,42
IMG_20191003_160040.jpg,15,10,42
IMG_20191003_160046.jpg,15,10,42
IMG_20191003_160051.jpg,15,10,42
IMG_20191003_160057.jpg,15,10,42
IMG_20191003_160134.jpg,15,10,62
IMG_20191003_160141.jpg,15,10,62
IMG_20191003_160146.jpg,15,10,62
IMG_20191003_160156.jpg,15,10,62
IMG_20191003_160236.jpg,15,14,62
IMG_20191003_160242.jpg,15,14,62
IMG_20191003_160248.jpg,15,14,62
IMG_20191003_160252.jpg,15,14,62
IMG_20191003_160257.jpg,15,14,62
IMG_20191003_160337.jpg,21,14,62
IMG_20191003_160345.jpg,21,14,62
IMG_20191003_160350.jpg,21,14,62
IMG_20191003_160355.jpg,21,14,62
IMG_20191003_160404.jpg,21,14,62
IMG_20191003_160444.jpg,21,14,80
IMG_20191003_160452.jpg,21,14,80
IMG_20191003_160457.jpg,21,14,80
IMG_20191003_160503.jpg,21,14,80
IMG_20191003_160507.jpg,21,14,80
IMG_20191003_160537.jpg,21,14,97
IMG_20191003_160547.jpg,21,14,97
IMG_20191003_160552.jpg,21,14,97
IMG_20191003_160557.jpg,21,14,97
IMG_20191003_160607.jpg,21,14,97
IMG_20191003_160620.jpg,29,14,97
IMG_20191003_160641.jpg,29,14,97
IMG_20191003_160645.jpg,29,14,97
IMG_20191003_160650.jpg,29,14,97
IMG_20191003_160729.jpg,29,14,120
IMG_20191003_160735.jpg,29,14,120
IMG_20191003_160745.jpg,29,14,120
IMG_20191003_160756.jpg,29,14,120
IMG_20191003_160810.jpg,29,14,120
IMG_20191003_160826.jpg,29,24,120
IMG_20191003_160833.jpg,29,24,120
IMG_20191003_160838.jpg,29,24,120
IMG_20191003_160842.jpg,29,24,120
IMG_20191003_160847.jpg,29,24,120
IMG_20191003_160917.jpg,29,24,140
IMG_20191003_160934.jpg,29,24,140
IMG_20191003_161027.jpg,33,24,140
IMG_20191003_161032.jpg,33,24,140
IMG_20191003_161044.jpg,33,24,140
IMG_20191003_161057.jpg,33,24,140
IMG_20191003_161116.jpg,33,30,140
IMG_20191003_161127.jpg,33,30,140
IMG_20191003_161132.jpg,33,30,140
IMG_20191003_161140.jpg,33,30,140
IMG_20191003_161221.jpg,33,30,158
IMG_20191003_161242.jpg,33,30,158
IMG_20191003_161248.jpg,33,30,158
IMG_20191003_161302.jpg,33,30,158
IMG_20191003_161330.jpg,41,30,158
IMG_20191003_161337.jpg,41,30,158
IMG_20191003_161345.jpg,41,30,158
IMG_20191003_161405.jpg,41,30,158
IMG_20191003_161419.jpg,41,32,158
IMG_20191003_161441.jpg,41,32,158
IMG_20191003_161454.jpg,41,32,158
IMG_20191003_161507.jpg,41,32,158
IMG_20191003_161518.jpg,41,32,186
IMG_20191003_161537.jpg,41,32,186
IMG_20191003_161542.jpg,41,32,186
IMG_20191003_161604.jpg,41,32,186
IMG_20191003_161625.jpg,41,32,186
IMG_20191003_161710.jpg,44,32,186
IMG_20191003_161733.jpg,44,32,186
IMG_20191003_161739.jpg,44,32,186
IMG_20191003_161747.jpg,44,32,186
IMG_20191003_161812.jpg,44,32,211
IMG_20191003_161817.jpg,44,32,211
IMG_20191003_161829.jpg,44,32,211
IMG_20191003_161846.jpg,44,32,227
IMG_20191003_161916.jpg,44,32,227
IMG_20191003_161929.jpg,44,32,227
IMG_20191003_161935.jpg,44,32,227
IMG_20191003_161957.jpg,44,41,227
IMG_20191003_162006.jpg,44,41,227
IMG_20191003_162017.jpg,44,41,227
IMG_20191003_162023.jpg,44,41,227
IMG_20191003_162038.jpg,44,41,227
IMG_20191003_162117.jpg,44,37,227
IMG_20191003_162124.jpg,44,37,227
IMG_20191003_162140.jpg,44,37,227
IMG_20191003_162147.jpg,44,37,227
IMG_20191003_162152.jpg,44,37,227
IMG_20191003_162207.jpg,44,37,200
IMG_20191003_162230.jpg,44,37,200
IMG_20191003_162239.jpg,44,37,200
IMG_20191003_162257.jpg,44,37,200
IMG_20191003_162331.jpg,44,37,181
IMG_20191003_162403.jpg,44,37,181
IMG_20191003_162410.jpg,44,37,181
IMG_20191003_162416.jpg,44,37,181
IMG_20191003_162530.jpg,30,37,165
IMG_20191003_162545.jpg,30,37,165
IMG_20191003_162551.jpg,30,37,165
IMG_20191003_162557.jpg,30,37,165
IMG_20191003_162602.jpg,30,37,165
IMG_20191003_162622.jpg,20,37,165
IMG_20191003_162636.jpg,20,37,165
IMG_20191003_162643.jpg,20,37,165
IMG_20191003_162658.jpg,20,37,165
IMG_20191003_162707.jpg,20,37,165
IMG_20191003_162734.jpg,20,37,145
IMG_20191003_162742.jpg,20,37,145
IMG_20191003_162754.jpg,20,37,145
IMG_20191003_162800.jpg,20,37,145
IMG_20191003_162827.jpg,20,37,120
IMG_20191003_162848.jpg,20,37,120
IMG_20191003_162906.jpg,20,37,120
IMG_20191003_162935.jpg,20,37,102
IMG_20191003_163000.jpg,20,37,102
IMG_20191003_163010.jpg,20,37,102
IMG_20191003_163025.jpg,20,37,102
IMG_20191003_163050.jpg,16,37,102
IMG_20191003_163056.jpg,16,37,102
IMG_20191003_163103.jpg,16,37,102
IMG_20191003_163112.jpg,16,37,102
IMG_20191003_163126.jpg,16,37,102
IMG_20191003_163150.jpg,16,32,102
IMG_20191003_163201.jpg,16,32,102
IMG_20191003_163212.jpg,16,32,102
IMG_20191003_163221.jpg,16,32,102
IMG_20191003_163226.jpg,16,32,102
IMG_20191003_163255.jpg,16,32,87
IMG_20191003_163312.jpg,16,32,87
IMG_20191003_163320.jpg,16,32,87
IMG_20191003_163332.jpg,16,32,87
IMG_20191003_163351.jpg,16,32,65
IMG_20191003_163404.jpg,16,32,65
IMG_20191003_163415.jpg,16,32,65
IMG_20191003_163423.jpg,16,32,65
IMG_20191003_163452.jpg,16,32,51
IMG_20191003_163511.jpg,16,32,51
IMG_20191003_163520.jpg,16,32,51
IMG_20191003_163529.jpg,16,32,51
IMG_20191003_163545.jpg,16,26,51
IMG_20191003_163556.jpg,16,26,51
IMG_20191003_163602.jpg,16,26,51
IMG_20191003_163607.jpg,16,26,51
IMG_20191003_163611.jpg,16,26,51
IMG_20191003_163822.jpg,0,26,51
IMG_20191003_163829.jpg,0,26,51
IMG_20191003_163835.jpg,0,26,51
IMG_20191003_163841.jpg,0,26,51
IMG_20191003_163855.jpg,0,26,51
IMG_20191003_163929.jpg,0,26,36
IMG_20191003_163936.jpg,0,26,36
IMG_20191003_163945.jpg,0,26,36
IMG_20191003_163949.jpg,0,26,36
IMG_20191003_163955.jpg,0,26,36
IMG_20191003_164035.jpg,0,26,24
IMG_20191003_164047.jpg,0,26,24
IMG_20191003_164053.jpg,0,26,24
IMG_20191003_164101.jpg,0,26,24
IMG_20191003_164112.jpg,0,26,24
IMG_20191003_164125.jpg,0,26,16
IMG_20191003_164132.jpg,0,26,16
IMG_20191003_164137.jpg,0,26,16
IMG_20191003_164232.jpg,0,26,8
IMG_20191003_164239.jpg,0,26,8
IMG_20191003_164245.jpg,0,26,8
IMG_20191003_164317.jpg,0,16,8
IMG_20191003_164326.jpg,0,16,8
IMG_20191003_164335.jpg,0,16,8
IMG_20191003_164340.jpg,0,16,8
IMG_20191003_164650.jpg,0,39,0
IMG_20191003_164811.jpg,47,0,0
IMG_20191003_164816.jpg,47,0,0
IMG_20191003_164820.jpg,47,0,0
IMG_20191003_164848.jpg,25,0,0
IMG_20191003_164853.jpg,25,0,0
IMG_20191003_164902.jpg,25,0,0
IMG_20191003_164935.jpg,19,0,0
IMG_20191003_164948.jpg,13,0,0
IMG_20191003_165018.jpg,13,12,0
IMG_20191003_165033.jpg,13,12,0
IMG_20191003_165045.jpg,13,20,0
IMG_20191003_165109.jpg,13,20,0
IMG_20191003_165126.jpg,33,20,0
2019_11_08-fried_noodles-set_1-1.jpg,0,0,34
2019_11_08-fried_noodles-set_1-2.jpg,0,0,34
2019_11_08-fried_noodles-set_1-3.jpg,0,0,34
2019_11_08-fried_noodles-set_1-4.jpg,0,0,34
2019_11_08-fried_noodles-set_1-5.jpg,0,0,34
2019_11_08-fried_noodles-set_1-6.jpg,0,0,34
2019_11_08-fried_noodles-set_1-7.jpg,0,0,34
2019_11_08-fried_noodles-set_1-8.jpg,0,0,34
2019_11_08-fried_noodles-set_1-9.jpg,0,0,34
2019_11_08-fried_noodles-set_1-10.jpg,0,0,34
2019_11_08-fried_noodles-set_2-1.jpg,0,0,54
2019_11_08-fried_noodles-set_2-2.jpg,0,0,54
2019_11_08-fried_noodles-set_2-3.jpg,0,0,54
2019_11_08-fried_noodles-set_2-4.jpg,0,0,54
2019_11_08-fried_noodles-set_2-7.jpg,0,0,54
2019_11_08-fried_noodles-set_2-8.jpg,0,0,54
2019_11_08-fried_noodles-set_2-9.jpg,0,0,54
2019_11_08-fried_noodles-set_2-10.jpg,0,0,54
2019_11_08-fried_noodles-set_3-1.jpg,0,0,89
2019_11_08-fried_noodles-set_3-2.jpg,0,0,89
2019_11_08-fried_noodles-set_3-3.jpg,0,0,89
2019_11_08-fried_noodles-set_3-4.jpg,0,0,89
2019_11_08-fried_noodles-set_3-5.jpg,0,0,89
2019_11_08-fried_noodles-set_3-6.jpg,0,0,89
2019_11_08-fried_noodles-set_3-7.jpg,0,0,89
2019_11_08-fried_noodles-set_3-8.jpg,0,0,89
2019_11_08-fried_noodles-set_3-9.jpg,0,0,89
2019_11_08-fried_noodles-set_3-10.jpg,0,0,89
2019_11_08-fried_noodles-set_4-1.jpg,0,0,107
2019_11_08-fried_noodles-set_4-2.jpg,0,0,107
2019_11_08-fried_noodles-set_4-3.jpg,0,0,107
2019_11_08-fried_noodles-set_4-4.jpg,0,0,107
2019_11_08-fried_noodles-set_4-5.jpg,0,0,107
2019_11_08-fried_noodles-set_4-6.jpg,0,0,107
2019_11_08-fried_noodles-set_4-7.jpg,0,0,107
2019_11_08-fried_noodles-set_4-8.jpg,0,0,107
2019_11_08-fried_noodles-set_4-9.jpg,0,0,107
2019_11_08-fried_noodles-set_4-10.jpg,0,0,107
2019_11_08-fried_noodles-set_5-1.jpg,0,0,126
2019_11_08-fried_noodles-set_5-2.jpg,0,0,126
2019_11_08-fried_noodles-set_5-3.jpg,0,0,126
2019_11_08-fried_noodles-set_5-4.jpg,0,0,126
2019_11_08-fried_noodles-set_5-5.jpg,0,0,126
2019_11_08-fried_noodles-set_5-8.jpg,0,0,126
2019_11_08-fried_noodles-set_5-9.jpg,0,0,126
2019_11_08-fried_noodles-set_5-10.jpg,0,0,126
2019_11_08-fried_noodles-set_6-1.jpg,0,0,143
2019_11_08-fried_noodles-set_6-2.jpg,0,0,143
2019_11_08-fried_noodles-set_6-3.jpg,0,0,143
2019_11_08-fried_noodles-set_6-4.jpg,0,0,143
2019_11_08-fried_noodles-set_6-5.jpg,0,0,143
2019_11_08-fried_noodles-set_6-6.jpg,0,0,143
2019_11_08-fried_noodles-set_6-7.jpg,0,0,143
2019_11_08-fried_noodles-set_6-9.jpg,0,0,143
2019_11_08-fried_noodles-set_7-1.jpg,0,0,168
2019_11_08-fried_noodles-set_7-2.jpg,0,0,168
2019_11_08-fried_noodles-set_7-3.jpg,0,0,168
2019_11_08-fried_noodles-set_7-4.jpg,0,0,168
2019_11_08-fried_noodles-set_7-5.jpg,0,0,168
2019_11_08-fried_noodles-set_7-6.jpg,0,0,168
2019_11_08-fried_noodles-set_7-7.jpg,0,0,168
2019_11_08-fried_noodles-set_7-8.jpg,0,0,168
2019_11_08-fried_noodles-set_7-10.jpg,0,0,168
2019_11_08-fried_noodles-set_8-1.jpg,0,0,201
2019_11_08-fried_noodles-set_8-2.jpg,0,0,201
2019_11_08-fried_noodles-set_8-3.jpg,0,0,201
2019_11_08-fried_noodles-set_8-4.jpg,0,0,201
2019_11_08-fried_noodles-set_8-5.jpg,0,0,201
2019_11_08-fried_noodles-set_8-6.jpg,0,0,201
2019_11_08-fried_noodles-set_8-7.jpg,0,0,201
2019_11_08-fried_noodles-set_8-8.jpg,0,0,201
2019_11_08-fried_noodles-set_8-9.jpg,0,0,201
2019_11_08-fried_noodles-set_8-10.jpg,0,0,201
2019_11_08-fried_noodles-set_9-1.jpg,0,5,146
2019_11_08-fried_noodles-set_9-2.jpg,0,5,146
2019_11_08-fried_noodles-set_9-3.jpg,0,5,146
2019_11_08-fried_noodles-set_9-4.jpg,0,5,146
2019_11_08-fried_noodles-set_9-5.jpg,0,5,146
2019_11_08-fried_noodles-set_9-6.jpg,0,5,146
2019_11_08-fried_noodles-set_9-7.jpg,0,5,146
2019_11_08-fried_noodles-set_9-8.jpg,0,5,146
2019_11_08-fried_noodles-set_9-9.jpg,0,5,146
2019_11_08-fried_noodles-set_9-10.jpg,0,5,146
2019_11_08-fried_noodles-set_10-2.jpg,0,8,146
2019_11_08-fried_noodles-set_10-3.jpg,0,8,146
2019_11_08-fried_noodles-set_10-4.jpg,0,8,146
2019_11_08-fried_noodles-set_10-6.jpg,0,8,146
2019_11_08-fried_noodles-set_10-7.jpg,0,8,146
2019_11_08-fried_noodles-set_10-9.jpg,0,8,146
2019_11_08-fried_noodles-set_10-10.jpg,0,8,146
2019_11_08-fried_noodles-set_11-1.jpg,0,13,146
2019_11_08-fried_noodles-set_11-2.jpg,0,13,146
2019_11_08-fried_noodles-set_11-3.jpg,0,13,146
2019_11_08-fried_noodles-set_11-4.jpg,0,13,146
2019_11_08-fried_noodles-set_11-5.jpg,0,13,146
2019_11_08-fried_noodles-set_11-6.jpg,0,13,146
2019_11_08-fried_noodles-set_11-7.jpg,0,13,146
2019_11_08-fried_noodles-set_11-8.jpg,0,13,146
2019_11_08-fried_noodles-set_11-9.jpg,0,13,146
2019_11_08-fried_noodles-set_11-10.jpg,0,13,146
2019_11_08-fried_noodles-set_12-1.jpg,6,13,146
2019_11_08-fried_noodles-set_12-3.jpg,6,13,146
2019_11_08-fried_noodles-set_12-4.jpg,6,13,146
2019_11_08-fried_noodles-set_12-5.jpg,6,13,146
2019_11_08-fried_noodles-set_12-6.jpg,6,13,146
2019_11_08-fried_noodles-set_12-8.jpg,6,13,146
2019_11_08-fried_noodles-set_12-10.jpg,6,13,146
2019_11_08-fried_noodles-set_13-1.jpg,6,13,119
2019_11_08-fried_noodles-set_13-2.jpg,6,13,119
2019_11_08-fried_noodles-set_13-3.jpg,6,13,119
2019_11_08-fried_noodles-set_13-4.jpg,6,13,119
2019_11_08-fried_noodles-set_13-5.jpg,6,13,119
2019_11_08-fried_noodles-set_13-6.jpg,6,13,119
2019_11_08-fried_noodles-set_13-7.jpg,6,13,119
2019_11_08-fried_noodles-set_13-8.jpg,6,13,119
2019_11_08-fried_noodles-set_13-9.jpg,6,13,119
2019_11_08-fried_noodles-set_13-10.jpg,6,13,119
2019_11_08-fried_noodles-set_14-1.jpg,6,7,119
2019_11_08-fried_noodles-set_14-2.jpg,6,7,119
2019_11_08-fried_noodles-set_14-3.jpg,6,7,119
2019_11_08-fried_noodles-set_14-4.jpg,6,7,119
2019_11_08-fried_noodles-set_14-5.jpg,6,7,119
2019_11_08-fried_noodles-set_14-6.jpg,6,7,119
2019_11_08-fried_noodles-set_14-7.jpg,6,7,119
2019_11_08-fried_noodles-set_14-8.jpg,6,7,119
2019_11_08-fried_noodles-set_14-9.jpg,6,7,119
2019_11_08-fried_noodles-set_14-10.jpg,6,7,119
2019_11_08-fried_noodles-set_15-1.jpg,6,7,85
2019_11_08-fried_noodles-set_15-2.jpg,6,7,85
2019_11_08-fried_noodles-set_15-3.jpg,6,7,85
2019_11_08-fried_noodles-set_15-4.jpg,6,7,85
2019_11_08-fried_noodles-set_15-5.jpg,6,7,85
2019_11_08-fried_noodles-set_15-6.jpg,6,7,85
2019_11_08-fried_noodles-set_15-7.jpg,6,7,85
2019_11_08-fried_noodles-set_15-9.jpg,6,7,85
2019_11_08-fried_noodles-set_15-10.jpg,6,7,85
2019_11_08-fried_noodles-set_16-2.jpg,6,15,85
2019_11_08-fried_noodles-set_16-3.jpg,6,15,85
2019_11_08-fried_noodles-set_16-4.jpg,6,15,85
2019_11_08-fried_noodles-set_16-5.jpg,6,15,85
2019_11_08-fried_noodles-set_16-6.jpg,6,15,85
2019_11_08-fried_noodles-set_16-7.jpg,6,15,85
2019_11_08-fried_noodles-set_16-8.jpg,6,15,85
2019_11_08-fried_noodles-set_16-9.jpg,6,15,85
2019_11_08-fried_noodles-set_16-10.jpg,6,15,85
2019_11_08-fried_noodles-set_17-1.jpg,9,15,85
2019_11_08-fried_noodles-set_17-2.jpg,9,15,85
2019_11_08-fried_noodles-set_17-3.jpg,9,15,85
2019_11_08-fried_noodles-set_17-4.jpg,9,15,85
2019_11_08-fried_noodles-set_17-5.jpg,9,15,85
2019_11_08-fried_noodles-set_17-6.jpg,9,15,85
2019_11_08-fried_noodles-set_17-7.jpg,9,15,85
2019_11_08-fried_noodles-set_17-8.jpg,9,15,85
2019_11_08-fried_noodles-set_17-9.jpg,9,15,85
2019_11_08-fried_noodles-set_17-10.jpg,9,15,85
2019_11_08-fried_noodles-set_18-1.jpg,9,15,59
2019_11_08-fried_noodles-set_18-2.jpg,9,15,59
2019_11_08-fried_noodles-set_18-3.jpg,9,15,59
2019_11_08-fried_noodles-set_18-4.jpg,9,15,59
2019_11_08-fried_noodles-set_18-5.jpg,9,15,59
2019_11_08-fried_noodles-set_18-6.jpg,9,15,59
2019_11_08-fried_noodles-set_18-7.jpg,9,15,59
2019_11_08-fried_noodles-set_18-8.jpg,9,15,59
2019_11_08-fried_noodles-set_18-9.jpg,9,15,59
2019_11_08-fried_noodles-set_18-10.jpg,9,15,59
2019_11_08-fried_noodles-set_19-2.jpg,3,15,59
2019_11_08-fried_noodles-set_19-3.jpg,3,15,59
2019_11_08-fried_noodles-set_19-4.jpg,3,15,59
2019_11_08-fried_noodles-set_19-5.jpg,3,15,59
2019_11_08-fried_noodles-set_19-6.jpg,3,15,59
2019_11_08-fried_noodles-set_19-7.jpg,3,15,59
2019_11_08-fried_noodles-set_19-8.jpg,3,15,59
2019_11_08-fried_noodles-set_19-9.jpg,3,15,59
2019_11_08-fried_noodles-set_19-10.jpg,3,15,59
2019_11_08-fried_noodles-set_20-1.jpg,3,9,59
2019_11_08-fried_noodles-set_20-3.jpg,3,9,59
2019_11_08-fried_noodles-set_20-4.jpg,3,9,59
2019_11_08-fried_noodles-set_20-5.jpg,3,9,59
2019_11_08-fried_noodles-set_20-6.jpg,3,9,59
2019_11_08-fried_noodles-set_20-7.jpg,3,9,59
2019_11_08-fried_noodles-set_20-8.jpg,3,9,59
2019_11_08-fried_noodles-set_20-9.jpg,3,9,59
2019_11_08-fried_noodles-set_20-10.jpg,3,9,59
2019_11_08-fried_noodles-set_21-1.jpg,3,5,59
2019_11_08-fried_noodles-set_21-2.jpg,3,5,59
2019_11_08-fried_noodles-set_21-3.jpg,3,5,59
2019_11_08-fried_noodles-set_21-4.jpg,3,5,59
2019_11_08-fried_noodles-set_21-5.jpg,3,5,59
2019_11_08-fried_noodles-set_21-6.jpg,3,5,59
2019_11_08-fried_noodles-set_21-7.jpg,3,5,59
2019_11_08-fried_noodles-set_21-10.jpg,3,5,59
2019_11_08-fried_noodles-set_22-1.jpg,3,5,36
2019_11_08-fried_noodles-set_22-2.jpg,3,5,36
2019_11_08-fried_noodles-set_22-3.jpg,3,5,36
2019_11_08-fried_noodles-set_22-4.jpg,3,5,36
2019_11_08-fried_noodles-set_22-5.jpg,3,5,36
2019_11_08-fried_noodles-set_22-6.jpg,3,5,36
2019_11_08-fried_noodles-set_22-7.jpg,3,5,36
2019_11_08-fried_noodles-set_22-8.jpg,3,5,36
2019_11_08-fried_noodles-set_22-9.jpg,3,5,36
2019_11_08-fried_noodles-set_22-10.jpg,3,5,36
2019_11_08-fried_noodles-set_23-1.jpg,3,10,36
2019_11_08-fried_noodles-set_23-2.jpg,3,10,36
2019_11_08-fried_noodles-set_23-3.jpg,3,10,36
2019_11_08-fried_noodles-set_23-4.jpg,3,10,36
2019_11_08-fried_noodles-set_23-5.jpg,3,10,36
2019_11_08-fried_noodles-set_23-6.jpg,3,10,36
2019_11_08-fried_noodles-set_23-7.jpg,3,10,36
2019_11_08-fried_noodles-set_23-8.jpg,3,10,36
2019_11_08-fried_noodles-set_23-10.jpg,3,10,36
2019_11_08-fried_noodles-set_24-1.jpg,9,10,36
2019_11_08-fried_noodles-set_24-3.jpg,9,10,36
2019_11_08-fried_noodles-set_24-5.jpg,9,10,36
2019_11_08-fried_noodles-set_24-6.jpg,9,10,36
2019_11_08-fried_noodles-set_24-7.jpg,9,10,36
2019_11_08-fried_noodles-set_24-9.jpg,9,10,36
2019_11_08-fried_noodles-set_24-10.jpg,9,10,36
2019_11_08-fried_noodles-set_25-1.jpg,9,22,36
2019_11_08-fried_noodles-set_25-2.jpg,9,22,36
2019_11_08-fried_noodles-set_25-3.jpg,9,22,36
2019_11_08-fried_noodles-set_25-4.jpg,9,22,36
2019_11_08-fried_noodles-set_25-6.jpg,9,22,36
2019_11_08-fried_noodles-set_25-7.jpg,9,22,36
2019_11_08-fried_noodles-set_25-8.jpg,9,22,36
2019_11_08-fried_noodles-set_25-9.jpg,9,22,36
2019_11_08-fried_noodles-set_25-10.jpg,9,22,36
2019_11_08-fried_noodles-set_26-1.jpg,3,22,36
2019_11_08-fried_noodles-set_26-2.jpg,3,22,36
2019_11_08-fried_noodles-set_26-3.jpg,3,22,36
2019_11_08-fried_noodles-set_26-4.jpg,3,22,36
2019_11_08-fried_noodles-set_26-5.jpg,3,22,36
2019_11_08-fried_noodles-set_26-6.jpg,3,22,36
2019_11_08-fried_noodles-set_26-7.jpg,3,22,36
2019_11_08-fried_noodles-set_26-8.jpg,3,22,36
2019_11_08-fried_noodles-set_26-9.jpg,3,22,36
2019_11_08-fried_noodles-set_26-10.jpg,3,22,36
2019_11_08-fried_noodles-set_27-1.jpg,3,22,0
2019_11_08-fried_noodles-set_27-2.jpg,3,22,0
2019_11_08-fried_noodles-set_27-3.jpg,3,22,0
2019_11_08-fried_noodles-set_27-4.jpg,3,22,0
2019_11_08-fried_noodles-set_27-5.jpg,3,22,0
2019_11_08-fried_noodles-set_27-6.jpg,3,22,0
2019_11_08-fried_noodles-set_27-7.jpg,3,22,0
2019_11_08-fried_noodles-set_27-8.jpg,3,22,0
2019_11_08-fried_noodles-set_27-9.jpg,3,22,0
2019_11_08-fried_noodles-set_27-10.jpg,3,22,0
2019_11_08-fried_noodles-set_28-1.jpg,9,22,0
2019_11_08-fried_noodles-set_28-2.jpg,9,22,0
2019_11_08-fried_noodles-set_28-3.jpg,9,22,0
2019_11_08-fried_noodles-set_28-4.jpg,9,22,0
2019_11_08-fried_noodles-set_28-5.jpg,9,22,0
2019_11_08-fried_noodles-set_28-6.jpg,9,22,0
2019_11_08-fried_noodles-set_28-7.jpg,9,22,0
2019_11_08-fried_noodles-set_28-8.jpg,9,22,0
2019_11_08-fried_noodles-set_28-9.jpg,9,22,0
2019_11_08-fried_noodles-set_28-10.jpg,9,22,0
2019_11_08-fried_noodles-set_29-1.jpg,9,18,0
2019_11_08-fried_noodles-set_29-2.jpg,9,18,0
2019_11_08-fried_noodles-set_29-3.jpg,9,18,0
2019_11_08-fried_noodles-set_29-4.jpg,9,18,0
2019_11_08-fried_noodles-set_29-5.jpg,9,18,0
2019_11_08-fried_noodles-set_29-6.jpg,9,18,0
2019_11_08-fried_noodles-set_29-8.jpg,9,18,0
2019_11_08-fried_noodles-set_29-9.jpg,9,18,0
2019_11_08-fried_noodles-set_29-10.jpg,9,18,0
2019_11_08-fried_noodles-set_30-1.jpg,4,18,0
2019_11_08-fried_noodles-set_30-2.jpg,4,18,0
2019_11_08-fried_noodles-set_30-3.jpg,4,18,0
2019_11_08-fried_noodles-set_30-4.jpg,4,18,0
2019_11_08-fried_noodles-set_30-5.jpg,4,18,0
2019_11_08-fried_noodles-set_30-6.jpg,4,18,0
2019_11_08-fried_noodles-set_30-7.jpg,4,18,0
2019_11_08-fried_noodles-set_30-8.jpg,4,18,0
2019_11_08-fried_noodles-set_30-9.jpg,4,18,0
2019_11_08-fried_noodles-set_30-10.jpg,4,18,0
2019_11_08-fried_noodles-set_31-1.jpg,0,18,0
2019_11_08-fried_noodles-set_31-2.jpg,0,18,0
2019_11_08-fried_noodles-set_31-3.jpg,0,18,0
2019_11_08-fried_noodles-set_31-5.jpg,0,18,0
2019_11_08-fried_noodles-set_31-7.jpg,0,18,0
2019_11_08-fried_noodles-set_31-8.jpg,0,18,0
2019_11_08-fried_noodles-set_31-9.jpg,0,18,0
2019_11_08-fried_noodles-set_31-10.jpg,0,18,0
2019_11_08-fried_noodles-set_32-1.jpg,0,14,0
2019_11_08-fried_noodles-set_32-2.jpg,0,14,0
2019_11_08-fried_noodles-set_32-3.jpg,0,14,0
2019_11_08-fried_noodles-set_32-5.jpg,0,14,0
2019_11_08-fried_noodles-set_32-6.jpg,0,14,0
2019_11_08-fried_noodles-set_32-7.jpg,0,14,0
2019_11_08-fried_noodles-set_32-8.jpg,0,14,0
2019_11_08-fried_noodles-set_32-9.jpg,0,14,0
2019_11_08-fried_noodles-set_32-10.jpg,0,14,0
2019_11_08-fried_noodles-set_33-1.jpg,5,14,0
2019_11_08-fried_noodles-set_33-2.jpg,5,14,0
2019_11_08-fried_noodles-set_33-4.jpg,5,14,0
2019_11_08-fried_noodles-set_33-5.jpg,5,14,0
2019_11_08-fried_noodles-set_33-6.jpg,5,14,0
2019_11_08-fried_noodles-set_33-7.jpg,5,14,0
2019_11_08-fried_noodles-set_33-8.jpg,5,14,0
2019_11_08-fried_noodles-set_33-9.jpg,5,14,0
2019_11_08-fried_noodles-set_33-10.jpg,5,14,0
2019_11_08-fried_noodles-set_34-2.jpg,5,10,0
2019_11_08-fried_noodles-set_34-3.jpg,5,10,0
2019_11_08-fried_noodles-set_34-4.jpg,5,10,0
2019_11_08-fried_noodles-set_34-5.jpg,5,10,0
2019_11_08-fried_noodles-set_34-6.jpg,5,10,0
2019_11_08-fried_noodles-set_34-7.jpg,5,10,0
2019_11_08-fried_noodles-set_34-8.jpg,5,10,0
2019_11_08-fried_noodles-set_34-9.jpg,5,10,0
2019_11_08-fried_noodles-set_34-10.jpg,5,10,0
2019_11_08-fried_noodles-set_35-1.jpg,0,10,0
2019_11_08-fried_noodles-set_35-2.jpg,0,10,0
2019_11_08-fried_noodles-set_35-3.jpg,0,10,0
2019_11_08-fried_noodles-set_35-4.jpg,0,10,0
2019_11_08-fried_noodles-set_35-5.jpg,0,10,0
2019_11_08-fried_noodles-set_35-6.jpg,0,10,0
2019_11_08-fried_noodles-set_35-7.jpg,0,10,0
2019_11_08-fried_noodles-set_35-8.jpg,0,10,0
2019_11_08-fried_noodles-set_35-10.jpg,0,10,0
2019_11_08-fried_noodles-set_36-2.jpg,0,7,0
2019_11_08-fried_noodles-set_36-3.jpg,0,7,0
2019_11_08-fried_noodles-set_36-4.jpg,0,7,0
2019_11_08-fried_noodles-set_36-5.jpg,0,7,0
2019_11_08-fried_noodles-set_36-6.jpg,0,7,0
2019_11_08-fried_noodles-set_36-7.jpg,0,7,0
2019_11_08-fried_noodles-set_36-8.jpg,0,7,0
2019_11_08-fried_noodles-set_36-9.jpg,0,7,0
2019_11_08-fried_noodles-set_36-10.jpg,0,7,0
2019_11_08-fried_noodles-set_37-1.jpg,6,7,0
2019_11_08-fried_noodles-set_37-2.jpg,6,7,0
2019_11_08-fried_noodles-set_37-3.jpg,6,7,0
2019_11_08-fried_noodles-set_37-4.jpg,6,7,0
2019_11_08-fried_noodles-set_37-5.jpg,6,7,0
2019_11_08-fried_noodles-set_37-6.jpg,6,7,0
2019_11_08-fried_noodles-set_37-7.jpg,6,7,0
2019_11_08-fried_noodles-set_37-8.jpg,6,7,0
2019_11_08-fried_noodles-set_37-9.jpg,6,7,0
2019_11_08-fried_noodles-set_38-1.jpg,6,7,17
2019_11_08-fried_noodles-set_38-2.jpg,6,7,17
2019_11_08-fried_noodles-set_38-3.jpg,6,7,17
2019_11_08-fried_noodles-set_38-4.jpg,6,7,17
2019_11_08-fried_noodles-set_38-5.jpg,6,7,17
2019_11_08-fried_noodles-set_38-7.jpg,6,7,17
2019_11_08-fried_noodles-set_38-9.jpg,6,7,17
2019_11_08-fried_noodles-set_38-10.jpg,6,7,17
2019_11_08-fried_noodles-set_39-1.jpg,0,7,17
2019_11_08-fried_noodles-set_39-2.jpg,0,7,17
2019_11_08-fried_noodles-set_39-4.jpg,0,7,17
2019_11_08-fried_noodles-set_39-5.jpg,0,7,17
2019_11_08-fried_noodles-set_39-6.jpg,0,7,17
2019_11_08-fried_noodles-set_39-7.jpg,0,7,17
2019_11_08-fried_noodles-set_39-8.jpg,0,7,17
2019_11_08-fried_noodles-set_39-9.jpg,0,7,17
2019_11_08-fried_noodles-set_39-10.jpg,0,7,17
2019_11_08-fried_noodles-set_40-1.jpg,0,7,37
2019_11_08-fried_noodles-set_40-2.jpg,0,7,37
2019_11_08-fried_noodles-set_40-3.jpg,0,7,37
2019_11_08-fried_noodles-set_40-4.jpg,0,7,37
2019_11_08-fried_noodles-set_40-5.jpg,0,7,37
2019_11_08-fried_noodles-set_40-6.jpg,0,7,37
2019_11_08-fried_noodles-set_40-8.jpg,0,7,37
2019_11_08-fried_noodles-set_40-9.jpg,0,7,37
2019_11_08-fried_noodles-set_40-10.jpg,0,7,37
2019_11_08-fried_noodles-set_41-1.jpg,0,7,52
2019_11_08-fried_noodles-set_41-2.jpg,0,7,52
2019_11_08-fried_noodles-set_41-3.jpg,0,7,52
2019_11_08-fried_noodles-set_41-4.jpg,0,7,52
2019_11_08-fried_noodles-set_41-5.jpg,0,7,52
2019_11_08-fried_noodles-set_41-6.jpg,0,7,52
2019_11_08-fried_noodles-set_41-7.jpg,0,7,52
2019_11_08-fried_noodles-set_41-9.jpg,0,7,52
2019_11_08-fried_noodles-set_42-1.jpg,3,7,52
2019_11_08-fried_noodles-set_42-2.jpg,3,7,52
2019_11_08-fried_noodles-set_42-4.jpg,3,7,52
2019_11_08-fried_noodles-set_42-5.jpg,3,7,52
2019_11_08-fried_noodles-set_42-6.jpg,3,7,52
2019_11_08-fried_noodles-set_42-7.jpg,3,7,52
2019_11_08-fried_noodles-set_42-8.jpg,3,7,52
2019_11_08-fried_noodles-set_42-9.jpg,3,7,52
2019_11_18-fried_noodles-set_1-1.jpg,0,12,0
2019_11_18-fried_noodles-set_1-2.jpg,0,12,0
2019_11_18-fried_noodles-set_1-3.jpg,0,12,0
2019_11_18-fried_noodles-set_1-5.jpg,0,12,0
2019_11_18-fried_noodles-set_1-6.jpg,0,12,0
2019_11_18-fried_noodles-set_1-7.jpg,0,12,0
2019_11_18-fried_noodles-set_1-8.jpg,0,12,0
2019_11_18-fried_noodles-set_2-3.jpg,5,12,0
2019_11_18-fried_noodles-set_2-4.jpg,5,12,0
2019_11_18-fried_noodles-set_2-6.jpg,5,12,0
2019_11_18-fried_noodles-set_2-7.jpg,5,12,0
2019_11_18-fried_noodles-set_2-8.jpg,5,12,0
2019_11_18-fried_noodles-set_2-9.jpg,5,12,0
2019_11_18-fried_noodles-set_3-1.jpg,5,12,26
2019_11_18-fried_noodles-set_3-2.jpg,5,12,26
2019_11_18-fried_noodles-set_3-3.jpg,5,12,26
2019_11_18-fried_noodles-set_3-4.jpg,5,12,26
2019_11_18-fried_noodles-set_3-5.jpg,5,12,26
2019_11_18-fried_noodles-set_3-6.jpg,5,12,26
2019_11_18-fried_noodles-set_3-8.jpg,5,12,26
2019_11_18-fried_noodles-set_3-9.jpg,5,12,26
2019_11_18-fried_noodles-set_4-1.jpg,0,12,26
2019_11_18-fried_noodles-set_4-2.jpg,0,12,26
2019_11_18-fried_noodles-set_4-3.jpg,0,12,26
2019_11_18-fried_noodles-set_4-4.jpg,0,12,26
2019_11_18-fried_noodles-set_4-5.jpg,0,12,26
2019_11_18-fried_noodles-set_4-6.jpg,0,12,26
2019_11_18-fried_noodles-set_4-7.jpg,0,12,26
2019_11_18-fried_noodles-set_4-8.jpg,0,12,26
2019_11_18-fried_noodles-set_4-9.jpg,0,12,26
2019_11_18-fried_noodles-set_4-10.jpg,0,12,26
2019_11_18-fried_noodles-set_5-1.jpg,0,17,26
2019_11_18-fried_noodles-set_5-2.jpg,0,17,26
2019_11_18-fried_noodles-set_5-3.jpg,0,17,26
2019_11_18-fried_noodles-set_5-4.jpg,0,17,26
2019_11_18-fried_noodles-set_5-5.jpg,0,17,26
2019_11_18-fried_noodles-set_5-6.jpg,0,17,26
2019_11_18-fried_noodles-set_5-7.jpg,0,17,26
2019_11_18-fried_noodles-set_5-8.jpg,0,17,26
2019_11_18-fried_noodles-set_5-9.jpg,0,17,26
2019_11_18-fried_noodles-set_5-10.jpg,0,17,26
2019_11_18-fried_noodles-set_6-1.jpg,7,17,26
2019_11_18-fried_noodles-set_6-3.jpg,7,17,26
2019_11_18-fried_noodles-set_6-4.jpg,7,17,26
2019_11_18-fried_noodles-set_6-5.jpg,7,17,26
2019_11_18-fried_noodles-set_6-6.jpg,7,17,26
2019_11_18-fried_noodles-set_6-7.jpg,7,17,26
2019_11_18-fried_noodles-set_6-8.jpg,7,17,26
2019_11_18-fried_noodles-set_6-9.jpg,7,17,26
2019_11_18-fried_noodles-set_6-10.jpg,7,17,26
2019_11_18-fried_noodles-set_7-1.jpg,12,17,26
2019_11_18-fried_noodles-set_7-2.jpg,12,17,26
2019_11_18-fried_noodles-set_7-3.jpg,12,17,26
2019_11_18-fried_noodles-set_7-4.jpg,12,17,26
2019_11_18-fried_noodles-set_7-5.jpg,12,17,26
2019_11_18-fried_noodles-set_7-6.jpg,12,17,26
2019_11_18-fried_noodles-set_7-7.jpg,12,17,26
2019_11_18-fried_noodles-set_7-8.jpg,12,17,26
2019_11_18-fried_noodles-set_7-9.jpg,12,17,26
2019_11_18-fried_noodles-set_7-10.jpg,12,17,26
2019_11_18-fried_noodles-set_8-1.jpg,12,23,26
2019_11_18-fried_noodles-set_8-2.jpg,12,23,26
2019_11_18-fried_noodles-set_8-3.jpg,12,23,26
2019_11_18-fried_noodles-set_8-4.jpg,12,23,26
2019_11_18-fried_noodles-set_8-5.jpg,12,23,26
2019_11_18-fried_noodles-set_8-6.jpg,12,23,26
2019_11_18-fried_noodles-set_8-7.jpg,12,23,26
2019_11_18-fried_noodles-set_8-9.jpg,12,23,26
2019_11_18-fried_noodles-set_8-10.jpg,12,23,26
2019_11_18-fried_noodles-set_9-1.jpg,6,23,26
2019_11_18-fried_noodles-set_9-2.jpg,6,23,26
2019_11_18-fried_noodles-set_9-3.jpg,6,23,26
2019_11_18-fried_noodles-set_9-4.jpg,6,23,26
2019_11_18-fried_noodles-set_9-5.jpg,6,23,26
2019_11_18-fried_noodles-set_9-6.jpg,6,23,26
2019_11_18-fried_noodles-set_9-7.jpg,6,23,26
2019_11_18-fried_noodles-set_9-8.jpg,6,23,26
2019_11_18-fried_noodles-set_9-9.jpg,6,23,26
2019_11_18-fried_noodles-set_9-10.jpg,6,23,26
2019_11_18-fried_noodles-set_10-1.jpg,0,23,26
2019_11_18-fried_noodles-set_10-2.jpg,0,23,26
2019_11_18-fried_noodles-set_10-3.jpg,0,23,26
2019_11_18-fried_noodles-set_10-4.jpg,0,23,26
2019_11_18-fried_noodles-set_10-5.jpg,0,23,26
2019_11_18-fried_noodles-set_10-6.jpg,0,23,26
2019_11_18-fried_noodles-set_10-7.jpg,0,23,26
2019_11_18-fried_noodles-set_10-8.jpg,0,23,26
2019_11_18-fried_noodles-set_10-9.jpg,0,23,26
2019_11_18-fried_noodles-set_10-10.jpg,0,23,26
2019_11_18-fried_noodles-set_11-1.jpg,0,37,26
2019_11_18-fried_noodles-set_11-2.jpg,0,37,26
2019_11_18-fried_noodles-set_11-3.jpg,0,37,26
2019_11_18-fried_noodles-set_11-4.jpg,0,37,26
2019_11_18-fried_noodles-set_11-5.jpg,0,37,26
2019_11_18-fried_noodles-set_11-6.jpg,0,37,26
2019_11_18-fried_noodles-set_11-7.jpg,0,37,26
2019_11_18-fried_noodles-set_11-8.jpg,0,37,26
2019_11_18-fried_noodles-set_11-9.jpg,0,37,26
2019_11_18-fried_noodles-set_11-10.jpg,0,37,26
2019_11_18-fried_noodles-set_12-1.jpg,3,37,26
2019_11_18-fried_noodles-set_12-2.jpg,3,37,26
2019_11_18-fried_noodles-set_12-3.jpg,3,37,26
2019_11_18-fried_noodles-set_12-5.jpg,3,37,26
2019_11_18-fried_noodles-set_12-6.jpg,3,37,26
2019_11_18-fried_noodles-set_12-7.jpg,3,37,26
2019_11_18-fried_noodles-set_12-8.jpg,3,37,26
2019_11_18-fried_noodles-set_12-9.jpg,3,37,26
2019_11_18-fried_noodles-set_13-1.jpg,7,37,26
2019_11_18-fried_noodles-set_13-2.jpg,7,37,26
2019_11_18-fried_noodles-set_13-3.jpg,7,37,26
2019_11_18-fried_noodles-set_13-4.jpg,7,37,26
2019_11_18-fried_noodles-set_13-6.jpg,7,37,26
2019_11_18-fried_noodles-set_13-7.jpg,7,37,26
2019_11_18-fried_noodles-set_13-8.jpg,7,37,26
2019_11_18-fried_noodles-set_13-9.jpg,7,37,26
2019_11_18-fried_noodles-set_14-1.jpg,7,37,54
2019_11_18-fried_noodles-set_14-3.jpg,7,37,54
2019_11_18-fried_noodles-set_14-4.jpg,7,37,54
2019_11_18-fried_noodles-set_14-6.jpg,7,37,54
2019_11_18-fried_noodles-set_14-7.jpg,7,37,54
2019_11_18-fried_noodles-set_14-8.jpg,7,37,54
2019_11_18-fried_noodles-set_14-9.jpg,7,37,54
2019_11_18-fried_noodles-set_15-1.jpg,2,37,54
2019_11_18-fried_noodles-set_15-2.jpg,2,37,54
2019_11_18-fried_noodles-set_15-3.jpg,2,37,54
2019_11_18-fried_noodles-set_15-4.jpg,2,37,54
2019_11_18-fried_noodles-set_15-5.jpg,2,37,54
2019_11_18-fried_noodles-set_15-6.jpg,2,37,54
2019_11_18-fried_noodles-set_15-7.jpg,2,37,54
2019_11_18-fried_noodles-set_15-8.jpg,2,37,54
2019_11_18-fried_noodles-set_15-9.jpg,2,37,54
2019_11_18-fried_noodles-set_15-10.jpg,2,37,54
2019_11_18-fried_noodles-set_16-1.jpg,2,25,54
2019_11_18-fried_noodles-set_16-2.jpg,2,25,54
2019_11_18-fried_noodles-set_16-3.jpg,2,25,54
2019_11_18-fried_noodles-set_16-4.jpg,2,25,54
2019_11_18-fried_noodles-set_16-5.jpg,2,25,54
2019_11_18-fried_noodles-set_16-6.jpg,2,25,54
2019_11_18-fried_noodles-set_16-7.jpg,2,25,54
2019_11_18-fried_noodles-set_16-8.jpg,2,25,54
2019_11_18-fried_noodles-set_16-9.jpg,2,25,54
2019_11_18-fried_noodles-set_16-10.jpg,2,25,54
2019_11_18-fried_noodles-set_17-1.jpg,9,25,54
2019_11_18-fried_noodles-set_17-2.jpg,9,25,54
2019_11_18-fried_noodles-set_17-3.jpg,9,25,54
2019_11_18-fried_noodles-set_17-4.jpg,9,25,54
2019_11_18-fried_noodles-set_17-5.jpg,9,25,54
2019_11_18-fried_noodles-set_17-6.jpg,9,25,54
2019_11_18-fried_noodles-set_17-7.jpg,9,25,54
2019_11_18-fried_noodles-set_17-8.jpg,9,25,54
2019_11_18-fried_noodles-set_17-9.jpg,9,25,54
2019_11_18-fried_noodles-set_17-10.jpg,9,25,54
2019_11_18-fried_noodles-set_18-1.jpg,9,11,54
2019_11_18-fried_noodles-set_18-2.jpg,9,11,54
2019_11_18-fried_noodles-set_18-3.jpg,9,11,54
2019_11_18-fried_noodles-set_18-4.jpg,9,11,54
2019_11_18-fried_noodles-set_18-5.jpg,9,11,54
2019_11_18-fried_noodles-set_18-6.jpg,9,11,54
2019_11_18-fried_noodles-set_18-7.jpg,9,11,54
2019_11_18-fried_noodles-set_18-8.jpg,9,11,54
2019_11_18-fried_noodles-set_18-9.jpg,9,11,54
2019_11_18-fried_noodles-set_18-10.jpg,9,11,54
2019_11_18-fried_noodles-set_19-1.jpg,2,11,54
2019_11_18-fried_noodles-set_19-2.jpg,2,11,54
2019_11_18-fried_noodles-set_19-3.jpg,2,11,54
2019_11_18-fried_noodles-set_19-4.jpg,2,11,54
2019_11_18-fried_noodles-set_19-5.jpg,2,11,54
2019_11_18-fried_noodles-set_19-6.jpg,2,11,54
2019_11_18-fried_noodles-set_19-8.jpg,2,11,54
2019_11_18-fried_noodles-set_19-10.jpg,2,11,54
2019_11_18-fried_noodles-set_20-1.jpg,2,0,54
2019_11_18-fried_noodles-set_20-2.jpg,2,0,54
2019_11_18-fried_noodles-set_20-3.jpg,2,0,54
2019_11_18-fried_noodles-set_20-4.jpg,2,0,54
2019_11_18-fried_noodles-set_20-5.jpg,2,0,54
2019_11_18-fried_noodles-set_20-7.jpg,2,0,54
2019_11_18-fried_noodles-set_20-8.jpg,2,0,54
2019_11_18-fried_noodles-set_20-9.jpg,2,0,54
2019_11_18-fried_noodles-set_20-10.jpg,2,0,54
2019_11_18-fried_noodles-set_21-1.jpg,2,8,90
2019_11_18-fried_noodles-set_21-2.jpg,2,8,90
2019_11_18-fried_noodles-set_21-3.jpg,2,8,90
2019_11_18-fried_noodles-set_21-4.jpg,2,8,90
2019_11_18-fried_noodles-set_21-5.jpg,2,8,90
2019_11_18-fried_noodles-set_21-6.jpg,2,8,90
2019_11_18-fried_noodles-set_21-7.jpg,2,8,90
2019_11_18-fried_noodles-set_21-8.jpg,2,8,90
2019_11_18-fried_noodles-set_21-9.jpg,2,8,90
2019_11_18-fried_noodles-set_21-10.jpg,2,8,90
2019_11_18-fried_noodles-set_22-2.jpg,2,18,90
2019_11_18-fried_noodles-set_22-3.jpg,2,18,90
2019_11_18-fried_noodles-set_22-4.jpg,2,18,90
2019_11_18-fried_noodles-set_22-6.jpg,2,18,90
2019_11_18-fried_noodles-set_22-7.jpg,2,18,90
2019_11_18-fried_noodles-set_22-9.jpg,2,18,90
2019_11_18-fried_noodles-set_22-10.jpg,2,18,90
2019_11_18-fried_noodles-set_23-1.jpg,2,29,149
2019_11_18-fried_noodles-set_23-2.jpg,2,29,149
2019_11_18-fried_noodles-set_23-3.jpg,2,29,149
2019_11_18-fried_noodles-set_23-5.jpg,2,29,149
2019_11_18-fried_noodles-set_23-7.jpg,2,29,149
2019_11_18-fried_noodles-set_23-8.jpg,2,29,149
2019_11_18-fried_noodles-set_23-9.jpg,2,29,149
2019_11_18-fried_noodles-set_23-10.jpg,2,29,149
2019_11_18-fried_noodles-set_24-2.jpg,2,41,149
2019_11_18-fried_noodles-set_24-3.jpg,2,41,149
2019_11_18-fried_noodles-set_24-4.jpg,2,41,149
2019_11_18-fried_noodles-set_24-5.jpg,2,41,149
2019_11_18-fried_noodles-set_24-6.jpg,2,41,149
2019_11_18-fried_noodles-set_24-7.jpg,2,41,149
2019_11_18-fried_noodles-set_24-8.jpg,2,41,149
2019_11_18-fried_noodles-set_24-9.jpg,2,41,149
2019_11_18-fried_noodles-set_24-10.jpg,2,41,149
2019_11_18-fried_noodles-set_25-1.jpg,7,41,179
2019_11_18-fried_noodles-set_25-2.jpg,7,41,179
2019_11_18-fried_noodles-set_25-3.jpg,7,41,179
2019_11_18-fried_noodles-set_25-4.jpg,7,41,179
2019_11_18-fried_noodles-set_25-5.jpg,7,41,179
2019_11_18-fried_noodles-set_25-7.jpg,7,41,179
2019_11_18-fried_noodles-set_25-8.jpg,7,41,179
2019_11_18-fried_noodles-set_25-9.jpg,7,41,179
2019_11_18-fried_noodles-set_25-10.jpg,7,41,179
2019_12_03-fried_noodles-set_1-1.jpg,0,2,0
2019_12_03-fried_noodles-set_1-2.jpg,0,2,0
2019_12_03-fried_noodles-set_1-4.jpg,0,2,0
2019_12_03-fried_noodles-set_1-5.jpg,0,2,0
2019_12_03-fried_noodles-set_1-6.jpg,0,2,0
2019_12_03-fried_noodles-set_1-7.jpg,0,2,0
2019_12_03-fried_noodles-set_1-8.jpg,0,2,0
2019_12_03-fried_noodles-set_1-9.jpg,0,2,0
2019_12_03-fried_noodles-set_1-10.jpg,0,2,0
2019_12_03-fried_noodles-set_2-1.jpg,13,0,0
2019_12_03-fried_noodles-set_2-3.jpg,13,0,0
2019_12_03-fried_noodles-set_2-4.jpg,13,0,0
2019_12_03-fried_noodles-set_2-5.jpg,13,0,0
2019_12_03-fried_noodles-set_2-6.jpg,13,0,0
2019_12_03-fried_noodles-set_2-7.jpg,13,0,0
2019_12_03-fried_noodles-set_2-8.jpg,13,0,0
2019_12_03-fried_noodles-set_2-9.jpg,13,0,0
2019_12_03-fried_noodles-set_2-10.jpg,13,0,0
2019_12_03-fried_noodles-set_3-1.jpg,16,0,0
2019_12_03-fried_noodles-set_3-2.jpg,16,0,0
2019_12_03-fried_noodles-set_3-3.jpg,16,0,0
2019_12_03-fried_noodles-set_3-5.jpg,16,0,0
2019_12_03-fried_noodles-set_3-6.jpg,16,0,0
2019_12_03-fried_noodles-set_3-7.jpg,16,0,0
2019_12_03-fried_noodles-set_3-8.jpg,16,0,0
2019_12_03-fried_noodles-set_3-9.jpg,16,0,0
2019_12_03-fried_noodles-set_3-10.jpg,16,0,0
2019_12_03-fried_noodles-set_4-1.jpg,16,0,10
2019_12_03-fried_noodles-set_4-2.jpg,16,0,10
2019_12_03-fried_noodles-set_4-3.jpg,16,0,10
2019_12_03-fried_noodles-set_4-5.jpg,16,0,10
2019_12_03-fried_noodles-set_4-8.jpg,16,0,10
2019_12_03-fried_noodles-set_4-9.jpg,16,0,10
2019_12_03-fried_noodles-set_4-10.jpg,16,0,10
2019_12_03-fried_noodles-set_5-1.jpg,16,3,10
2019_12_03-fried_noodles-set_5-2.jpg,16,3,10
2019_12_03-fried_noodles-set_5-3.jpg,16,3,10
2019_12_03-fried_noodles-set_5-4.jpg,16,3,10
2019_12_03-fried_noodles-set_5-5.jpg,16,3,10
2019_12_03-fried_noodles-set_5-6.jpg,16,3,10
2019_12_03-fried_noodles-set_5-7.jpg,16,3,10
2019_12_03-fried_noodles-set_5-8.jpg,16,3,10
2019_12_03-fried_noodles-set_5-9.jpg,16,3,10
2019_12_03-fried_noodles-set_5-10.jpg,16,3,10
2019_12_03-fried_noodles-set_6-1.jpg,16,3,22
2019_12_03-fried_noodles-set_6-2.jpg,16,3,22
2019_12_03-fried_noodles-set_6-5.jpg,16,3,22
2019_12_03-fried_noodles-set_6-6.jpg,16,3,22
2019_12_03-fried_noodles-set_6-7.jpg,16,3,22
2019_12_03-fried_noodles-set_6-8.jpg,16,3,22
2019_12_03-fried_noodles-set_6-9.jpg,16,3,22
2019_12_03-fried_noodles-set_6-10.jpg,16,3,22
2019_12_03-fried_noodles-set_7-2.jpg,16,5,22
2019_12_03-fried_noodles-set_7-3.jpg,16,5,22
2019_12_03-fried_noodles-set_7-4.jpg,16,5,22
2019_12_03-fried_noodles-set_7-5.jpg,16,5,22
2019_12_03-fried_noodles-set_7-6.jpg,16,5,22
2019_12_03-fried_noodles-set_7-7.jpg,16,5,22
2019_12_03-fried_noodles-set_7-9.jpg,16,5,22
2019_12_03-fried_noodles-set_7-10.jpg,16,5,22
2019_12_03-fried_noodles-set_8-1.jpg,16,7,22
2019_12_03-fried_noodles-set_8-2.jpg,16,7,22
2019_12_03-fried_noodles-set_8-3.jpg,16,7,22
2019_12_03-fried_noodles-set_8-4.jpg,16,7,22
2019_12_03-fried_noodles-set_8-5.jpg,16,7,22
2019_12_03-fried_noodles-set_8-6.jpg,16,7,22
2019_12_03-fried_noodles-set_8-7.jpg,16,7,22
2019_12_03-fried_noodles-set_8-8.jpg,16,7,22
2019_12_03-fried_noodles-set_8-9.jpg,16,7,22
2019_12_03-fried_noodles-set_8-10.jpg,16,7,22
2019_12_03-fried_noodles-set_9-1.jpg,16,7,35
2019_12_03-fried_noodles-set_9-2.jpg,16,7,35
2019_12_03-fried_noodles-set_9-3.jpg,16,7,35
2019_12_03-fried_noodles-set_9-4.jpg,16,7,35
2019_12_03-fried_noodles-set_9-5.jpg,16,7,35
2019_12_03-fried_noodles-set_9-6.jpg,16,7,35
2019_12_03-fried_noodles-set_9-7.jpg,16,7,35
2019_12_03-fried_noodles-set_9-8.jpg,16,7,35
2019_12_03-fried_noodles-set_9-9.jpg,16,7,35
2019_12_03-fried_noodles-set_9-10.jpg,16,7,35
2019_12_03-fried_noodles-set_10-1.jpg,18,7,35
2019_12_03-fried_noodles-set_10-2.jpg,18,7,35
2019_12_03-fried_noodles-set_10-3.jpg,18,7,35
2019_12_03-fried_noodles-set_10-6.jpg,18,7,35
2019_12_03-fried_noodles-set_10-7.jpg,18,7,35
2019_12_03-fried_noodles-set_10-8.jpg,18,7,35
2019_12_03-fried_noodles-set_10-9.jpg,18,7,35
2019_12_03-fried_noodles-set_10-10.jpg,18,7,35
2019_12_03-fried_noodles-set_11-3.jpg,18,7,49
2019_12_03-fried_noodles-set_11-4.jpg,18,7,49
2019_12_03-fried_noodles-set_11-5.jpg,18,7,49
2019_12_03-fried_noodles-set_11-6.jpg,18,7,49
2019_12_03-fried_noodles-set_11-7.jpg,18,7,49
2019_12_03-fried_noodles-set_11-8.jpg,18,7,49
2019_12_03-fried_noodles-set_11-9.jpg,18,7,49
2019_12_03-fried_noodles-set_11-10.jpg,18,7,49
2019_12_03-fried_noodles-set_12-3.jpg,18,7,55
2019_12_03-fried_noodles-set_12-4.jpg,18,7,55
2019_12_03-fried_noodles-set_12-5.jpg,18,7,55
2019_12_03-fried_noodles-set_12-6.jpg,18,7,55
2019_12_03-fried_noodles-set_12-7.jpg,18,7,55
2019_12_03-fried_noodles-set_12-8.jpg,18,7,55
2019_12_03-fried_noodles-set_12-9.jpg,18,7,55
2019_12_03-fried_noodles-set_12-10.jpg,18,7,55
2019_12_03-fried_noodles-set_13-1.jpg,18,7,62
2019_12_03-fried_noodles-set_13-2.jpg,18,7,62
2019_12_03-fried_noodles-set_13-3.jpg,18,7,62
2019_12_03-fried_noodles-set_13-4.jpg,18,7,62
2019_12_03-fried_noodles-set_13-5.jpg,18,7,62
2019_12_03-fried_noodles-set_13-6.jpg,18,7,62
2019_12_03-fried_noodles-set_13-7.jpg,18,7,62
2019_12_03-fried_noodles-set_13-8.jpg,18,7,62
2019_12_03-fried_noodles-set_13-9.jpg,18,7,62
2019_12_03-fried_noodles-set_14-1.jpg,13,7,62
2019_12_03-fried_noodles-set_14-4.jpg,13,7,62
2019_12_03-fried_noodles-set_14-6.jpg,13,7,62
2019_12_03-fried_noodles-set_14-7.jpg,13,7,62
2019_12_03-fried_noodles-set_14-8.jpg,13,7,62
2019_12_03-fried_noodles-set_14-9.jpg,13,7,62
2019_12_03-fried_noodles-set_14-10.jpg,13,7,62
2019_12_03-fried_noodles-set_15-2.jpg,13,7,78
2019_12_03-fried_noodles-set_15-3.jpg,13,7,78
2019_12_03-fried_noodles-set_15-5.jpg,13,7,78
2019_12_03-fried_noodles-set_15-6.jpg,13,7,78
2019_12_03-fried_noodles-set_15-7.jpg,13,7,78
2019_12_03-fried_noodles-set_15-8.jpg,13,7,78
2019_12_03-fried_noodles-set_15-9.jpg,13,7,78
2019_12_03-fried_noodles-set_15-10.jpg,13,7,78
2019_12_03-fried_noodles-set_16-1.jpg,13,4,78
2019_12_03-fried_noodles-set_16-3.jpg,13,4,78
2019_12_03-fried_noodles-set_16-4.jpg,13,4,78
2019_12_03-fried_noodles-set_16-6.jpg,13,4,78
2019_12_03-fried_noodles-set_16-7.jpg,13,4,78
2019_12_03-fried_noodles-set_16-8.jpg,13,4,78
2019_12_03-fried_noodles-set_16-9.jpg,13,4,78
2019_12_03-fried_noodles-set_16-10.jpg,13,4,78
2019_12_03-fried_noodles-set_17-1.jpg,6,4,78
2019_12_03-fried_noodles-set_17-2.jpg,6,4,78
2019_12_03-fried_noodles-set_17-4.jpg,6,4,78
2019_12_03-fried_noodles-set_17-5.jpg,6,4,78
2019_12_03-fried_noodles-set_17-6.jpg,6,4,78
2019_12_03-fried_noodles-set_17-7.jpg,6,4,78
2019_12_03-fried_noodles-set_17-8.jpg,6,4,78
2019_12_03-fried_noodles-set_17-10.jpg,6,4,78
2019_12_03-fried_noodles-set_18-1.jpg,6,4,88
2019_12_03-fried_noodles-set_18-3.jpg,6,4,88
2019_12_03-fried_noodles-set_18-4.jpg,6,4,88
2019_12_03-fried_noodles-set_18-5.jpg,6,4,88
2019_12_03-fried_noodles-set_18-6.jpg,6,4,88
2019_12_03-fried_noodles-set_18-7.jpg,6,4,88
2019_12_03-fried_noodles-set_18-8.jpg,6,4,88
2019_12_03-fried_noodles-set_18-9.jpg,6,4,88
2019_12_03-fried_noodles-set_18-10.jpg,6,4,88
2019_12_03-fried_noodles-set_19-1.jpg,11,4,88
2019_12_03-fried_noodles-set_19-2.jpg,11,4,88
2019_12_03-fried_noodles-set_19-3.jpg,11,4,88
2019_12_03-fried_noodles-set_19-4.jpg,11,4,88
2019_12_03-fried_noodles-set_19-5.jpg,11,4,88
2019_12_03-fried_noodles-set_19-6.jpg,11,4,88
2019_12_03-fried_noodles-set_19-7.jpg,11,4,88
2019_12_03-fried_noodles-set_19-8.jpg,11,4,88
2019_12_03-fried_noodles-set_19-9.jpg,11,4,88
2019_12_03-fried_noodles-set_20-1.jpg,11,4,94
2019_12_03-fried_noodles-set_20-2.jpg,11,4,94
2019_12_03-fried_noodles-set_20-3.jpg,11,4,94
2019_12_03-fried_noodles-set_20-4.jpg,11,4,94
2019_12_03-fried_noodles-set_20-6.jpg,11,4,94
2019_12_03-fried_noodles-set_20-7.jpg,11,4,94
2019_12_03-fried_noodles-set_20-8.jpg,11,4,94
2019_12_03-fried_noodles-set_20-9.jpg,11,4,94
2019_12_03-fried_noodles-set_20-10.jpg,11,4,94
2019_12_03-fried_noodles-set_21-1.jpg,11,4,102
2019_12_03-fried_noodles-set_21-2.jpg,11,4,102
2019_12_03-fried_noodles-set_21-3.jpg,11,4,102
2019_12_03-fried_noodles-set_21-4.jpg,11,4,102
2019_12_03-fried_noodles-set_21-6.jpg,11,4,102
2019_12_03-fried_noodles-set_21-7.jpg,11,4,102
2019_12_03-fried_noodles-set_21-8.jpg,11,4,102
2019_12_03-fried_noodles-set_21-10.jpg,11,4,102
2019_12_03-fried_noodles-set_22-1.jpg,6,4,102
2019_12_03-fried_noodles-set_22-2.jpg,6,4,102
2019_12_03-fried_noodles-set_22-3.jpg,6,4,102
2019_12_03-fried_noodles-set_22-4.jpg,6,4,102
2019_12_03-fried_noodles-set_22-5.jpg,6,4,102
2019_12_03-fried_noodles-set_22-6.jpg,6,4,102
2019_12_03-fried_noodles-set_22-7.jpg,6,4,102
2019_12_03-fried_noodles-set_22-8.jpg,6,4,102
2019_12_03-fried_noodles-set_22-9.jpg,6,4,102
2019_12_03-fried_noodles-set_22-10.jpg,6,4,102
2019_12_03-fried_noodles-set_23-1.jpg,6,4,114
2019_12_03-fried_noodles-set_23-2.jpg,6,4,114
2019_12_03-fried_noodles-set_23-4.jpg,6,4,114
2019_12_03-fried_noodles-set_23-5.jpg,6,4,114
2019_12_03-fried_noodles-set_23-6.jpg,6,4,114
2019_12_03-fried_noodles-set_23-7.jpg,6,4,114
2019_12_03-fried_noodles-set_23-8.jpg,6,4,114
2019_12_03-fried_noodles-set_23-9.jpg,6,4,114
2019_12_03-fried_noodles-set_23-10.jpg,6,4,114
2019_12_03-fried_noodles-set_24-1.jpg,6,4,125
2019_12_03-fried_noodles-set_24-2.jpg,6,4,125
2019_12_03-fried_noodles-set_24-3.jpg,6,4,125
2019_12_03-fried_noodles-set_24-4.jpg,6,4,125
2019_12_03-fried_noodles-set_24-5.jpg,6,4,125
2019_12_03-fried_noodles-set_24-6.jpg,6,4,125
2019_12_03-fried_noodles-set_24-7.jpg,6,4,125
2019_12_03-fried_noodles-set_24-8.jpg,6,4,125
2019_12_03-fried_noodles-set_24-9.jpg,6,4,125
2019_12_03-fried_noodles-set_24-10.jpg,6,4,125
2019_12_03-fried_noodles-set_25-1.jpg,6,4,131
2019_12_03-fried_noodles-set_25-2.jpg,6,4,131
2019_12_03-fried_noodles-set_25-3.jpg,6,4,131
2019_12_03-fried_noodles-set_25-5.jpg,6,4,131
2019_12_03-fried_noodles-set_25-6.jpg,6,4,131
2019_12_03-fried_noodles-set_25-7.jpg,6,4,131
2019_12_03-fried_noodles-set_25-9.jpg,6,4,131
2019_12_03-fried_noodles-set_25-10.jpg,6,4,131
2019_12_03-fried_noodles-set_26-1.jpg,6,4,144
2019_12_03-fried_noodles-set_26-2.jpg,6,4,144
2019_12_03-fried_noodles-set_26-3.jpg,6,4,144
2019_12_03-fried_noodles-set_26-4.jpg,6,4,144
2019_12_03-fried_noodles-set_26-5.jpg,6,4,144
2019_12_03-fried_noodles-set_26-6.jpg,6,4,144
2019_12_03-fried_noodles-set_26-7.jpg,6,4,144
2019_12_03-fried_noodles-set_26-8.jpg,6,4,144
2019_12_03-fried_noodles-set_26-9.jpg,6,4,144
2019_12_03-fried_noodles-set_26-10.jpg,6,4,144
2019_12_03-fried_noodles-set_27-1.jpg,6,4,154
2019_12_03-fried_noodles-set_27-2.jpg,6,4,154
2019_12_03-fried_noodles-set_27-3.jpg,6,4,154
2019_12_03-fried_noodles-set_27-4.jpg,6,4,154
2019_12_03-fried_noodles-set_27-5.jpg,6,4,154
2019_12_03-fried_noodles-set_27-6.jpg,6,4,154
2019_12_03-fried_noodles-set_27-8.jpg,6,4,154
2019_12_03-fried_noodles-set_27-9.jpg,6,4,154
2019_12_03-fried_noodles-set_27-10.jpg,6,4,154
2019_12_03-fried_noodles-set_28-1.jpg,6,4,164
2019_12_03-fried_noodles-set_28-3.jpg,6,4,164
2019_12_03-fried_noodles-set_28-4.jpg,6,4,164
2019_12_03-fried_noodles-set_28-5.jpg,6,4,164
2019_12_03-fried_noodles-set_28-7.jpg,6,4,164
2019_12_03-fried_noodles-set_28-8.jpg,6,4,164
2019_12_03-fried_noodles-set_28-9.jpg,6,4,164
2019_12_03-fried_noodles-set_28-10.jpg,6,4,164
2019_12_03-fried_noodles-set_29-1.jpg,6,4,206
2019_12_03-fried_noodles-set_29-2.jpg,6,4,206
2019_12_03-fried_noodles-set_29-3.jpg,6,4,206
2019_12_03-fried_noodles-set_29-4.jpg,6,4,206
2019_12_03-fried_noodles-set_29-5.jpg,6,4,206
2019_12_03-fried_noodles-set_29-6.jpg,6,4,206
2019_12_03-fried_noodles-set_29-7.jpg,6,4,206
2019_12_03-fried_noodles-set_29-8.jpg,6,4,206
2019_12_03-fried_noodles-set_29-9.jpg,6,4,206
2019_12_03-fried_noodles-set_29-10.jpg,6,4,206
2020_01_08-fried_noodles-set_1-1.jpg,0,3,0
2020_01_08-fried_noodles-set_1-2.jpg,0,3,0
2020_01_08-fried_noodles-set_1-3.jpg,0,3,0
2020_01_08-fried_noodles-set_1-4.jpg,0,3,0
2020_01_08-fried_noodles-set_1-6.jpg,0,3,0
2020_01_08-fried_noodles-set_1-7.jpg,0,3,0
2020_01_08-fried_noodles-set_1-8.jpg,0,3,0
2020_01_08-fried_noodles-set_1-9.jpg,0,3,0
2020_01_08-fried_noodles-set_1-10.jpg,0,3,0
2020_01_08-fried_noodles-set_2-2.jpg,0,6,0
2020_01_08-fried_noodles-set_2-3.jpg,0,6,0
2020_01_08-fried_noodles-set_2-4.jpg,0,6,0
2020_01_08-fried_noodles-set_2-5.jpg,0,6,0
2020_01_08-fried_noodles-set_2-6.jpg,0,6,0
2020_01_08-fried_noodles-set_2-7.jpg,0,6,0
2020_01_08-fried_noodles-set_2-8.jpg,0,6,0
2020_01_08-fried_noodles-set_2-9.jpg,0,6,0
2020_01_08-fried_noodles-set_3-2.jpg,0,13,0
2020_01_08-fried_noodles-set_3-3.jpg,0,13,0
2020_01_08-fried_noodles-set_3-4.jpg,0,13,0
2020_01_08-fried_noodles-set_3-5.jpg,0,13,0
2020_01_08-fried_noodles-set_3-6.jpg,0,13,0
2020_01_08-fried_noodles-set_3-7.jpg,0,13,0
2020_01_08-fried_noodles-set_3-9.jpg,0,13,0
2020_01_08-fried_noodles-set_3-10.jpg,0,13,0
2020_01_08-fried_noodles-set_4-1.jpg,0,19,0
2020_01_08-fried_noodles-set_4-2.jpg,0,19,0
2020_01_08-fried_noodles-set_4-3.jpg,0,19,0
2020_01_08-fried_noodles-set_4-4.jpg,0,19,0
2020_01_08-fried_noodles-set_4-5.jpg,0,19,0
2020_01_08-fried_noodles-set_4-6.jpg,0,19,0
2020_01_08-fried_noodles-set_4-7.jpg,0,19,0
2020_01_08-fried_noodles-set_4-8.jpg,0,19,0
2020_01_08-fried_noodles-set_4-9.jpg,0,19,0
2020_01_08-fried_noodles-set_4-10.jpg,0,19,0
2020_01_08-fried_noodles-set_5-1.jpg,0,26,0
2020_01_08-fried_noodles-set_5-2.jpg,0,26,0
2020_01_08-fried_noodles-set_5-3.jpg,0,26,0
2020_01_08-fried_noodles-set_5-5.jpg,0,26,0
2020_01_08-fried_noodles-set_5-8.jpg,0,26,0
2020_01_08-fried_noodles-set_5-9.jpg,0,26,0
2020_01_08-fried_noodles-set_6-1.jpg,3,0,0
2020_01_08-fried_noodles-set_6-2.jpg,3,0,0
2020_01_08-fried_noodles-set_6-3.jpg,3,0,0
2020_01_08-fried_noodles-set_6-4.jpg,3,0,0
2020_01_08-fried_noodles-set_6-5.jpg,3,0,0
2020_01_08-fried_noodles-set_6-6.jpg,3,0,0
2020_01_08-fried_noodles-set_6-7.jpg,3,0,0
2020_01_08-fried_noodles-set_6-9.jpg,3,0,0
2020_01_08-fried_noodles-set_6-10.jpg,3,0,0
2020_01_08-fried_noodles-set_7-1.jpg,4,0,0
2020_01_08-fried_noodles-set_7-2.jpg,4,0,0
2020_01_08-fried_noodles-set_7-3.jpg,4,0,0
2020_01_08-fried_noodles-set_7-4.jpg,4,0,0
2020_01_08-fried_noodles-set_7-5.jpg,4,0,0
2020_01_08-fried_noodles-set_7-6.jpg,4,0,0
2020_01_08-fried_noodles-set_7-8.jpg,4,0,0
2020_01_08-fried_noodles-set_7-9.jpg,4,0,0
2020_01_08-fried_noodles-set_7-10.jpg,4,0,0
2020_01_08-fried_noodles-set_8-1.jpg,5,0,0
2020_01_08-fried_noodles-set_8-2.jpg,5,0,0
2020_01_08-fried_noodles-set_8-3.jpg,5,0,0
2020_01_08-fried_noodles-set_8-4.jpg,5,0,0
2020_01_08-fried_noodles-set_8-5.jpg,5,0,0
2020_01_08-fried_noodles-set_8-6.jpg,5,0,0
2020_01_08-fried_noodles-set_8-7.jpg,5,0,0
2020_01_08-fried_noodles-set_8-8.jpg,5,0,0
2020_01_08-fried_noodles-set_8-9.jpg,5,0,0
2020_01_08-fried_noodles-set_8-10.jpg,5,0,0
2020_01_23-fried_noodles-set_1-1.jpg,7,0,0
2020_01_23-fried_noodles-set_1-2.jpg,7,0,0
2020_01_23-fried_noodles-set_1-3.jpg,7,0,0
2020_01_23-fried_noodles-set_1-4.jpg,7,0,0
2020_01_23-fried_noodles-set_1-5.jpg,7,0,0
2020_01_23-fried_noodles-set_1-6.jpg,7,0,0
2020_01_23-fried_noodles-set_1-7.jpg,7,0,0
2020_01_23-fried_noodles-set_1-8.jpg,7,0,0
2020_01_23-fried_noodles-set_1-9.jpg,7,0,0
2020_01_23-fried_noodles-set_1-10.jpg,7,0,0
2020_01_23-fried_noodles-set_2-1.jpg,11,0,0
2020_01_23-fried_noodles-set_2-2.jpg,11,0,0
2020_01_23-fried_noodles-set_2-4.jpg,11,0,0
2020_01_23-fried_noodles-set_2-5.jpg,11,0,0
2020_01_23-fried_noodles-set_2-6.jpg,11,0,0
2020_01_23-fried_noodles-set_2-7.jpg,11,0,0
2020_01_23-fried_noodles-set_2-8.jpg,11,0,0
2020_01_23-fried_noodles-set_2-9.jpg,11,0,0
2020_01_23-fried_noodles-set_2-10.jpg,11,0,0
2020_01_23-fried_noodles-set_3-1.jpg,14,0,0
2020_01_23-fried_noodles-set_3-4.jpg,14,0,0
2020_01_23-fried_noodles-set_3-5.jpg,14,0,0
2020_01_23-fried_noodles-set_3-6.jpg,14,0,0
2020_01_23-fried_noodles-set_3-7.jpg,14,0,0
2020_01_23-fried_noodles-set_3-8.jpg,14,0,0
2020_01_23-fried_noodles-set_3-9.jpg,14,0,0
2020_01_23-fried_noodles-set_3-10.jpg,14,0,0
2020_01_23-fried_noodles-set_4-1.jpg,14,0,11
2020_01_23-fried_noodles-set_4-2.jpg,14,0,11
2020_01_23-fried_noodles-set_4-3.jpg,14,0,11
2020_01_23-fried_noodles-set_4-4.jpg,14,0,11
2020_01_23-fried_noodles-set_4-5.jpg,14,0,11
2020_01_23-fried_noodles-set_4-6.jpg,14,0,11
2020_01_23-fried_noodles-set_4-7.jpg,14,0,11
2020_01_23-fried_noodles-set_4-9.jpg,14,0,11
2020_01_23-fried_noodles-set_4-10.jpg,14,0,11
2020_01_23-fried_noodles-set_5-1.jpg,14,3,11
2020_01_23-fried_noodles-set_5-2.jpg,14,3,11
2020_01_23-fried_noodles-set_5-3.jpg,14,3,11
2020_01_23-fried_noodles-set_5-4.jpg,14,3,11
2020_01_23-fried_noodles-set_5-7.jpg,14,3,11
2020_01_23-fried_noodles-set_5-8.jpg,14,3,11
2020_01_23-fried_noodles-set_5-10.jpg,14,3,11
2020_01_23-fried_noodles-set_6-1.jpg,14,2,11
2020_01_23-fried_noodles-set_6-2.jpg,14,2,11
2020_01_23-fried_noodles-set_6-3.jpg,14,2,11
2020_01_23-fried_noodles-set_6-4.jpg,14,2,11
2020_01_23-fried_noodles-set_6-5.jpg,14,2,11
2020_01_23-fried_noodles-set_6-6.jpg,14,2,11
2020_01_23-fried_noodles-set_6-7.jpg,14,2,11
2020_01_23-fried_noodles-set_6-8.jpg,14,2,11
2020_01_23-fried_noodles-set_6-10.jpg,14,2,11
2020_01_23-fried_noodles-set_7-1.jpg,10,2,11
2020_01_23-fried_noodles-set_7-2.jpg,10,2,11
2020_01_23-fried_noodles-set_7-3.jpg,10,2,11
2020_01_23-fried_noodles-set_7-4.jpg,10,2,11
2020_01_23-fried_noodles-set_7-5.jpg,10,2,11
2020_01_23-fried_noodles-set_7-6.jpg,10,2,11
2020_01_23-fried_noodles-set_7-8.jpg,10,2,11
2020_01_23-fried_noodles-set_7-9.jpg,10,2,11
2020_01_23-fried_noodles-set_7-10.jpg,10,2,11
2020_01_23-fried_noodles-set_8-2.jpg,3,2,11
2020_01_23-fried_noodles-set_8-3.jpg,3,2,11
2020_01_23-fried_noodles-set_8-4.jpg,3,2,11
2020_01_23-fried_noodles-set_8-6.jpg,3,2,11
2020_01_23-fried_noodles-set_8-7.jpg,3,2,11
2020_01_23-fried_noodles-set_8-8.jpg,3,2,11
2020_01_23-fried_noodles-set_8-9.jpg,3,2,11
2020_01_23-fried_noodles-set_8-10.jpg,3,2,11
2020_01_23-fried_noodles-set_9-1.jpg,3,5,11
2020_01_23-fried_noodles-set_9-2.jpg,3,5,11
2020_01_23-fried_noodles-set_9-3.jpg,3,5,11
2020_01_23-fried_noodles-set_9-4.jpg,3,5,11
2020_01_23-fried_noodles-set_9-5.jpg,3,5,11
2020_01_23-fried_noodles-set_9-6.jpg,3,5,11
2020_01_23-fried_noodles-set_9-8.jpg,3,5,11
2020_01_23-fried_noodles-set_9-9.jpg,3,5,11
2020_01_23-fried_noodles-set_9-10.jpg,3,5,11
2020_01_23-fried_noodles-set_10-1.jpg,3,10,11
2020_01_23-fried_noodles-set_10-2.jpg,3,10,11
2020_01_23-fried_noodles-set_10-3.jpg,3,10,11
2020_01_23-fried_noodles-set_10-4.jpg,3,10,11
2020_01_23-fried_noodles-set_10-5.jpg,3,10,11
2020_01_23-fried_noodles-set_10-6.jpg,3,10,11
2020_01_23-fried_noodles-set_10-7.jpg,3,10,11
2020_01_23-fried_noodles-set_10-8.jpg,3,10,11
2020_01_23-fried_noodles-set_10-9.jpg,3,10,11
2020_01_23-fried_noodles-set_10-10.jpg,3,10,11
2020_01_23-fried_noodles-set_11-2.jpg,6,10,11
2020_01_23-fried_noodles-set_11-3.jpg,6,10,11
2020_01_23-fried_noodles-set_11-4.jpg,6,10,11
2020_01_23-fried_noodles-set_11-7.jpg,6,10,11
2020_01_23-fried_noodles-set_11-8.jpg,6,10,11
2020_01_23-fried_noodles-set_11-10.jpg,6,10,11
2020_01_23-fried_noodles-set_12-1.jpg,6,12,11
2020_01_23-fried_noodles-set_12-3.jpg,6,12,11
2020_01_23-fried_noodles-set_12-4.jpg,6,12,11
2020_01_23-fried_noodles-set_12-5.jpg,6,12,11
2020_01_23-fried_noodles-set_12-6.jpg,6,12,11
2020_01_23-fried_noodles-set_12-7.jpg,6,12,11
2020_01_23-fried_noodles-set_12-9.jpg,6,12,11
2020_01_23-fried_noodles-set_12-10.jpg,6,12,11
2020_01_23-fried_noodles-set_13-2.jpg,6,15,11
2020_01_23-fried_noodles-set_13-3.jpg,6,15,11
2020_01_23-fried_noodles-set_13-4.jpg,6,15,11
2020_01_23-fried_noodles-set_13-5.jpg,6,15,11
2020_01_23-fried_noodles-set_13-6.jpg,6,15,11
2020_01_23-fried_noodles-set_13-7.jpg,6,15,11
2020_01_23-fried_noodles-set_13-8.jpg,6,15,11
2020_01_23-fried_noodles-set_13-9.jpg,6,15,11
2020_01_23-fried_noodles-set_13-10.jpg,6,15,11
2020_01_23-fried_noodles-set_14-1.jpg,12,15,11
2020_01_23-fried_noodles-set_14-3.jpg,12,15,11
2020_01_23-fried_noodles-set_14-4.jpg,12,15,11
2020_01_23-fried_noodles-set_14-5.jpg,12,15,11
2020_01_23-fried_noodles-set_14-6.jpg,12,15,11
2020_01_23-fried_noodles-set_14-7.jpg,12,15,11
2020_01_23-fried_noodles-set_14-8.jpg,12,15,11
2020_01_23-fried_noodles-set_14-9.jpg,12,15,11
2020_01_23-fried_noodles-set_14-10.jpg,12,15,11
2020_01_23-fried_noodles-set_15-1.jpg,12,15,22
2020_01_23-fried_noodles-set_15-2.jpg,12,15,22
2020_01_23-fried_noodles-set_15-3.jpg,12,15,22
2020_01_23-fried_noodles-set_15-4.jpg,12,15,22
2020_01_23-fried_noodles-set_15-5.jpg,12,15,22
2020_01_23-fried_noodles-set_15-6.jpg,12,15,22
2020_01_23-fried_noodles-set_15-7.jpg,12,15,22
2020_01_23-fried_noodles-set_15-8.jpg,12,15,22
2020_01_23-fried_noodles-set_15-9.jpg,12,15,22
2020_01_23-fried_noodles-set_15-10.jpg,12,15,22
2020_02_18-fried_noodles-1.jpg,0,9,52
2020_02_18-fried_noodles-2.jpg,0,9,52
2020_02_18-fried_noodles-4.jpg,0,9,52
2020_02_18-fried_noodles-5.jpg,0,9,52
2020_02_18-fried_noodles-11.jpg,10,17,92
2020_02_18-fried_noodles-12.jpg,10,17,92
2020_02_18-fried_noodles-13.jpg,10,17,92
2020_02_18-fried_noodles-14.jpg,10,17,92
2020_02_18-fried_noodles-15.jpg,10,17,92
2020_02_18-fried_noodles-16.jpg,10,27,92
2020_02_18-fried_noodles-18.jpg,10,27,92
2020_02_18-fried_noodles-19.jpg,10,27,92
2020_02_18-fried_noodles-20.jpg,10,27,92
2020_02_18-fried_noodles-21.jpg,17,27,92
2020_02_18-fried_noodles-22.jpg,17,27,92
2020_02_18-fried_noodles-23.jpg,17,27,92
2020_02_18-fried_noodles-24.jpg,17,27,92
2020_02_18-fried_noodles-25.jpg,17,27,92
2020_02_18-fried_noodles-26.jpg,17,37,134
2020_02_18-fried_noodles-27.jpg,17,37,134
2020_02_18-fried_noodles-28.jpg,17,37,134
2020_02_18-fried_noodles-29.jpg,17,37,134
2020_02_18-fried_noodles-30.jpg,17,37,134
2020_02_18-fried_noodles-31.jpg,17,51,134
2020_02_18-fried_noodles-32.jpg,17,51,134
2020_02_18-fried_noodles-33.jpg,17,51,134
2020_02_18-fried_noodles-34.jpg,17,51,134
2020_02_18-fried_noodles-35.jpg,17,51,134
2020_02_18-fried_noodles-37.jpg,28,51,134
2020_02_18-fried_noodles-39.jpg,28,51,134
2020_02_18-fried_noodles-40.jpg,28,51,134
2020_02_18-fried_noodles-41.jpg,28,51,134
2020_02_18-fried_noodles-42.jpg,28,51,172
2020_02_18-fried_noodles-43.jpg,28,51,172
2020_02_18-fried_noodles-44.jpg,28,51,172
2020_02_18-fried_noodles-45.jpg,28,51,172
2020_02_18-fried_noodles-47.jpg,28,51,172
2020_02_18-fried_noodles-48.jpg,28,51,172
2020_02_18-fried_noodles-49.jpg,28,51,172
2020_02_18-fried_noodles-50.jpg,28,51,172
2020_02_18-fried_noodles-51.jpg,28,57,172
2020_02_18-fried_noodles-52.jpg,28,57,172
2020_02_18-fried_noodles-53.jpg,28,57,172
2020_02_18-fried_noodles-54.jpg,28,57,172
2020_02_18-fried_noodles-55.jpg,28,57,172
2020_02_18-fried_noodles-56.jpg,28,57,183
2020_02_18-fried_noodles-57.jpg,28,57,183
2020_02_18-fried_noodles-58.jpg,28,57,183
2020_02_18-fried_noodles-59.jpg,28,57,183
2020_02_18-fried_noodles-60.jpg,28,57,183
2020_02_18-fried_noodles-61.jpg,28,78,183
2020_02_18-fried_noodles-62.jpg,28,78,183
2020_02_18-fried_noodles-63.jpg,28,78,183
2020_02_18-fried_noodles-64.jpg,28,78,183
2020_02_18-fried_noodles-65.jpg,28,78,183
2020_02_18-fried_noodles-66.jpg,28,78,183
2020_02_18-fried_noodles-67.jpg,28,78,183
2020_02_18-fried_noodles-69.jpg,45,78,183
2020_02_18-fried_noodles-70.jpg,45,78,183
2020_02_18-fried_noodles-71.jpg,45,78,183
2020_02_18-fried_noodles-73.jpg,45,78,183
2020_02_18-fried_noodles-74.jpg,45,78,183
2020_02_18-fried_noodles-76.jpg,45,101,183
2020_02_18-fried_noodles-78.jpg,45,101,183
2020_02_18-fried_noodles-79.jpg,45,101,183
2020_02_18-fried_noodles-80.jpg,45,101,183
2020_02_18-fried_noodles-81.jpg,45,101,183
2020_02_18-fried_noodles-83.jpg,45,101,183
2020_02_18-fried_noodles-89.jpg,45,101,216
2020_02_18-fried_noodles-90.jpg,45,101,216
2020_02_18-fried_noodles-91.jpg,45,101,216
2020_02_18-fried_noodles-92.jpg,45,101,216
2020_02_18-fried_noodles-93.jpg,45,101,268
2020_02_18-fried_noodles-94.jpg,45,101,268
2020_02_18-fried_noodles-95.jpg,45,101,268
2020_02_18-fried_noodles-96.jpg,45,101,268
2020_02_18-fried_noodles-97.jpg,45,101,268
2020_02_18-fried_noodles-98.jpg,45,101,268
2020_03_03-fried_noodles-1.jpg,0,4,0
2020_03_03-fried_noodles-3.jpg,0,4,0
2020_03_03-fried_noodles-4.jpg,0,4,0
2020_03_03-fried_noodles-5.jpg,0,4,0
2020_03_03-fried_noodles-7.jpg,0,4,0
2020_03_03-fried_noodles-9.jpg,0,4,0
2020_03_03-fried_noodles-10.jpg,0,4,0
2020_03_03-fried_noodles-11.jpg,0,14,0
2020_03_03-fried_noodles-12.jpg,0,14,0
2020_03_03-fried_noodles-13.jpg,0,14,0
2020_03_03-fried_noodles-14.jpg,0,14,0
2020_03_03-fried_noodles-15.jpg,0,14,0
2020_03_03-fried_noodles-16.jpg,0,14,0
2020_03_03-fried_noodles-17.jpg,0,14,0
2020_03_03-fried_noodles-18.jpg,0,14,0
2020_03_03-fried_noodles-19.jpg,0,14,0
2020_03_03-fried_noodles-20.jpg,0,14,0
2020_03_03-fried_noodles-21.jpg,0,14,0
2020_03_03-fried_noodles-22.jpg,0,17,0
2020_03_03-fried_noodles-23.jpg,0,17,0
2020_03_03-fried_noodles-24.jpg,0,17,0
2020_03_03-fried_noodles-25.jpg,0,17,0
2020_03_03-fried_noodles-26.jpg,0,17,0
2020_03_03-fried_noodles-27.jpg,0,17,0
2020_03_03-fried_noodles-28.jpg,0,17,0
2020_03_03-fried_noodles-29.jpg,0,17,0
2020_03_03-fried_noodles-30.jpg,0,17,0
2020_03_03-fried_noodles-31.jpg,0,23,0
2020_03_03-fried_noodles-32.jpg,0,23,0
2020_03_03-fried_noodles-34.jpg,0,23,0
2020_03_03-fried_noodles-35.jpg,0,23,0
2020_03_03-fried_noodles-36.jpg,0,23,0
2020_03_03-fried_noodles-38.jpg,0,33,0
2020_03_03-fried_noodles-39.jpg,0,33,0
2020_03_03-fried_noodles-43.jpg,0,41,0
2020_03_03-fried_noodles-44.jpg,0,41,0
2020_03_03-fried_noodles-45.jpg,0,41,0
2020_03_03-fried_noodles-46.jpg,0,41,0
2020_03_03-fried_noodles-47.jpg,0,41,0
2020_03_03-fried_noodles-48.jpg,0,41,0
2020_03_03-fried_noodles-49.jpg,0,41,0
2020_03_03-fried_noodles-50.jpg,0,41,0
2020_03_03-fried_noodles-51.jpg,0,46,0
2020_03_03-fried_noodles-52.jpg,0,46,0
2020_03_03-fried_noodles-54.jpg,0,46,0
2020_03_03-fried_noodles-55.jpg,0,46,0
2020_03_03-fried_noodles-56.jpg,0,46,0
2020_03_03-fried_noodles-57.jpg,0,46,0
2020_03_03-fried_noodles-58.jpg,0,46,0
2020_03_03-fried_noodles-59.jpg,0,46,0
2020_03_03-fried_noodles-61.jpg,0,50,0
2020_03_03-fried_noodles-62.jpg,0,50,0
2020_03_03-fried_noodles-63.jpg,0,50,0
2020_03_03-fried_noodles-64.jpg,0,50,0
2020_03_03-fried_noodles-65.jpg,0,50,0
2020_03_03-fried_noodles-66.jpg,0,50,0
2020_03_03-fried_noodles-67.jpg,0,50,0
2020_03_03-fried_noodles-68.jpg,0,50,0
2020_03_03-fried_noodles-70.jpg,0,50,0
2020_03_03-fried_noodles-71.jpg,0,55,0
2020_03_03-fried_noodles-72.jpg,0,55,0
2020_03_03-fried_noodles-73.jpg,0,55,0
2020_03_03-fried_noodles-74.jpg,0,55,0
2020_03_03-fried_noodles-75.jpg,0,55,0
2020_03_03-fried_noodles-76.jpg,0,55,0
2020_03_03-fried_noodles-77.jpg,0,55,0
2020_03_03-fried_noodles-79.jpg,0,55,0
2020_03_03-fried_noodles-80.jpg,0,55,0
2020_03_03-fried_noodles-81.jpg,0,55,20
2020_03_03-fried_noodles-82.jpg,0,55,20
2020_03_03-fried_noodles-85.jpg,0,55,20
2020_03_03-fried_noodles-86.jpg,0,55,20
2020_03_03-fried_noodles-87.jpg,0,55,20
2020_03_03-fried_noodles-88.jpg,0,55,20
2020_03_03-fried_noodles-89.jpg,0,55,20
2020_03_03-fried_noodles-90.jpg,0,55,20
2020_03_03-fried_noodles-91.jpg,0,48,20
2020_03_03-fried_noodles-93.jpg,0,48,20
2020_03_03-fried_noodles-94.jpg,0,48,20
2020_03_03-fried_noodles-95.jpg,0,48,20
2020_03_03-fried_noodles-96.jpg,0,48,20
2020_03_03-fried_noodles-97.jpg,0,48,20
2020_03_03-fried_noodles-98.jpg,0,48,20
2020_03_03-fried_noodles-99.jpg,0,48,20
2020_03_03-fried_noodles-100.jpg,0,48,20
2020_03_03-fried_noodles-101.jpg,0,35,20
2020_03_03-fried_noodles-102.jpg,0,35,20
2020_03_03-fried_noodles-103.jpg,0,35,20
2020_03_03-fried_noodles-104.jpg,0,35,20
2020_03_03-fried_noodles-105.jpg,0,35,20
2020_03_03-fried_noodles-106.jpg,0,35,20
2020_03_03-fried_noodles-107.jpg,0,35,20
2020_03_03-fried_noodles-108.jpg,0,25,20
2020_03_03-fried_noodles-109.jpg,0,25,20
2020_03_03-fried_noodles-111.jpg,0,25,20
2020_03_03-fried_noodles-112.jpg,0,25,20
2020_03_03-fried_noodles-113.jpg,0,25,20
2020_03_03-fried_noodles-114.jpg,0,25,20
2020_03_03-fried_noodles-115.jpg,0,25,20
2020_03_03-fried_noodles-116.jpg,0,25,34
2020_03_03-fried_noodles-117.jpg,0,25,34
2020_03_03-fried_noodles-118.jpg,0,25,34
2020_03_03-fried_noodles-119.jpg,0,25,34
2020_03_03-fried_noodles-120.jpg,0,25,34
2020_03_03-fried_noodles-121.jpg,0,25,34
2020_03_03-fried_noodles-122.jpg,0,31,34
2020_03_03-fried_noodles-123.jpg,0,31,34
2020_03_03-fried_noodles-124.jpg,0,31,34
2020_03_03-fried_noodles-125.jpg,0,31,34
2020_03_03-fried_noodles-126.jpg,0,31,34
2020_03_03-fried_noodles-127.jpg,0,31,34
2020_03_03-fried_noodles-128.jpg,0,36,34
2020_03_03-fried_noodles-129.jpg,0,36,34
2020_03_03-fried_noodles-130.jpg,0,36,34
2020_03_03-fried_noodles-132.jpg,0,36,34
2020_03_03-fried_noodles-133.jpg,0,36,34
2020_03_03-fried_noodles-134.jpg,0,36,34
2020_03_03-fried_noodles-135.jpg,0,36,34
2020_03_03-fried_noodles-137.jpg,0,42,34
2020_03_03-fried_noodles-138.jpg,0,42,34
2020_03_03-fried_noodles-140.jpg,0,42,34
2020_03_03-fried_noodles-141.jpg,0,49,34
2020_03_03-fried_noodles-142.jpg,0,49,34
2020_03_03-fried_noodles-143.jpg,0,49,34
2020_03_03-fried_noodles-144.jpg,0,49,34
2020_03_03-fried_noodles-145.jpg,0,49,34
2020_03_03-fried_noodles-146.jpg,0,49,34
2020_03_03-fried_noodles-147.jpg,0,49,34
2020_03_03-fried_noodles-148.jpg,0,49,34
2020_03_03-fried_noodles-149.jpg,0,49,34
2020_03_03-fried_noodles-150.jpg,0,49,34
2020_03_03-fried_noodles-152.jpg,0,53,34
2020_03_03-fried_noodles-153.jpg,0,53,34
2020_03_03-fried_noodles-154.jpg,0,53,34
2020_03_03-fried_noodles-155.jpg,0,53,34
2020_03_03-fried_noodles-156.jpg,0,53,54
2020_03_03-fried_noodles-157.jpg,0,53,54
2020_03_03-fried_noodles-158.jpg,0,53,54
2020_03_03-fried_noodles-160.jpg,0,53,54
2020_03_03-fried_noodles-161.jpg,0,46,54
2020_03_03-fried_noodles-162.jpg,0,46,54
2020_03_03-fried_noodles-164.jpg,0,46,54
2020_03_03-fried_noodles-165.jpg,0,46,54
2020_03_03-fried_noodles-166.jpg,0,46,54
2020_03_03-fried_noodles-167.jpg,0,46,54
2020_03_03-fried_noodles-168.jpg,0,46,54
2020_03_03-fried_noodles-169.jpg,0,46,54
2020_03_03-fried_noodles-170.jpg,0,46,54
2020_03_03-fried_noodles-171.jpg,0,46,65
2020_03_03-fried_noodles-172.jpg,0,46,65
2020_03_03-fried_noodles-173.jpg,0,46,65
2020_03_03-fried_noodles-174.jpg,0,46,65
2020_03_03-fried_noodles-175.jpg,0,46,65
2020_03_03-fried_noodles-176.jpg,0,46,65
2020_03_03-fried_noodles-177.jpg,0,46,65
2020_03_03-fried_noodles-178.jpg,0,46,65
2020_03_03-fried_noodles-179.jpg,0,46,65
2020_03_03-fried_noodles-180.jpg,0,46,65
2020_03_03-fried_noodles-181.jpg,0,46,93
2020_03_03-fried_noodles-182.jpg,0,46,93
2020_03_03-fried_noodles-184.jpg,0,46,93
2020_03_03-fried_noodles-185.jpg,0,46,93
2020_03_03-fried_noodles-186.jpg,0,46,93
2020_03_03-fried_noodles-189.jpg,0,46,93
2020_03_03-fried_noodles-190.jpg,0,46,93
2020_03_03-fried_noodles-191.jpg,0,55,93
2020_03_03-fried_noodles-192.jpg,0,55,93
2020_03_03-fried_noodles-193.jpg,0,55,93
2020_03_03-fried_noodles-194.jpg,0,55,93
2020_03_03-fried_noodles-195.jpg,0,55,93
2020_03_03-fried_noodles-196.jpg,0,55,93
2020_03_03-fried_noodles-197.jpg,0,55,93
2020_03_03-fried_noodles-198.jpg,0,55,93
2020_03_03-fried_noodles-199.jpg,0,55,93
2020_03_03-fried_noodles-200.jpg,0,55,93
2020_03_19-fried_noodles-2.jpg,0,0,42
2020_03_19-fried_noodles-3.jpg,0,0,42
2020_03_19-fried_noodles-4.jpg,0,0,42
2020_03_19-fried_noodles-5.jpg,0,0,42
2020_03_19-fried_noodles-6.jpg,0,0,42
2020_03_19-fried_noodles-9.jpg,0,0,42
2020_03_19-fried_noodles-10.jpg,0,0,42
2020_03_19-fried_noodles-13.jpg,0,0,56
2020_03_19-fried_noodles-14.jpg,0,0,56
2020_03_19-fried_noodles-15.jpg,0,0,56
2020_03_19-fried_noodles-16.jpg,0,0,56
2020_03_19-fried_noodles-18.jpg,0,0,56
2020_03_19-fried_noodles-19.jpg,0,0,56
2020_03_19-fried_noodles-20.jpg,0,0,56
2020_03_19-fried_noodles-21.jpg,0,0,74
2020_03_19-fried_noodles-22.jpg,0,0,74
2020_03_19-fried_noodles-23.jpg,0,0,74
2020_03_19-fried_noodles-24.jpg,0,0,74
2020_03_19-fried_noodles-25.jpg,0,0,74
2020_03_19-fried_noodles-26.jpg,0,0,74
2020_03_19-fried_noodles-27.jpg,0,0,74
2020_03_19-fried_noodles-28.jpg,0,0,74
2020_03_19-fried_noodles-29.jpg,0,0,74
2020_03_19-fried_noodles-30.jpg,0,0,74
2020_03_19-fried_noodles-31.jpg,0,0,86
2020_03_19-fried_noodles-33.jpg,0,0,86
2020_03_19-fried_noodles-34.jpg,0,0,86
2020_03_19-fried_noodles-35.jpg,0,0,86
2020_03_19-fried_noodles-37.jpg,0,0,86
2020_03_19-fried_noodles-38.jpg,0,0,86
2020_03_19-fried_noodles-39.jpg,0,0,86
2020_03_19-fried_noodles-40.jpg,0,0,86
2020_03_19-fried_noodles-41.jpg,0,0,96
2020_03_19-fried_noodles-42.jpg,0,0,96
2020_03_19-fried_noodles-43.jpg,0,0,96
2020_03_19-fried_noodles-44.jpg,0,0,96
2020_03_19-fried_noodles-45.jpg,0,0,96
2020_03_19-fried_noodles-48.jpg,0,0,96
2020_03_19-fried_noodles-49.jpg,0,0,96
2020_03_19-fried_noodles-50.jpg,0,0,96
2020_03_19-fried_noodles-51.jpg,0,0,107
2020_03_19-fried_noodles-52.jpg,0,0,107
2020_03_19-fried_noodles-53.jpg,0,0,107
2020_03_19-fried_noodles-54.jpg,0,0,107
2020_03_19-fried_noodles-55.jpg,0,0,107
2020_03_19-fried_noodles-56.jpg,0,0,107
2020_03_19-fried_noodles-57.jpg,0,0,107
2020_03_19-fried_noodles-58.jpg,0,0,107
2020_03_19-fried_noodles-59.jpg,0,0,107
2020_03_19-fried_noodles-60.jpg,0,0,107
2020_03_19-fried_noodles-61.jpg,0,0,129
2020_03_19-fried_noodles-62.jpg,0,0,129
2020_03_19-fried_noodles-63.jpg,0,0,129
2020_03_19-fried_noodles-64.jpg,0,0,129
2020_03_19-fried_noodles-65.jpg,0,0,129
2020_03_19-fried_noodles-66.jpg,0,0,129
2020_03_19-fried_noodles-67.jpg,0,0,129
2020_03_19-fried_noodles-68.jpg,0,0,129
2020_03_19-fried_noodles-69.jpg,0,0,129
2020_03_19-fried_noodles-70.jpg,0,0,129
2020_03_19-fried_noodles-71.jpg,0,0,151
2020_03_19-fried_noodles-72.jpg,0,0,151
2020_03_19-fried_noodles-73.jpg,0,0,151
2020_03_19-fried_noodles-74.jpg,0,0,151
2020_03_19-fried_noodles-75.jpg,0,0,151
2020_03_19-fried_noodles-76.jpg,0,0,180
2020_03_19-fried_noodles-77.jpg,0,0,180
2020_03_19-fried_noodles-79.jpg,0,0,180
2020_03_19-fried_noodles-80.jpg,0,0,180
2020_03_19-fried_noodles-81.jpg,0,0,198
2020_03_19-fried_noodles-82.jpg,0,0,198
2020_03_19-fried_noodles-83.jpg,0,0,198
2020_03_19-fried_noodles-84.jpg,0,0,198
2020_03_19-fried_noodles-85.jpg,0,0,198
2020_03_19-fried_noodles-86.jpg,0,0,220
2020_03_19-fried_noodles-87.jpg,0,0,220
2020_03_19-fried_noodles-88.jpg,0,0,220
2020_03_19-fried_noodles-90.jpg,0,0,220
2020_03_19-fried_noodles-93.jpg,0,0,236
2020_03_19-fried_noodles-95.jpg,0,0,236
2020_03_19-fried_noodles-96.jpg,0,0,244
2020_03_19-fried_noodles-97.jpg,0,0,244
2020_03_19-fried_noodles-98.jpg,0,0,244
2020_03_19-fried_noodles-99.jpg,0,0,244
2020_03_19-fried_noodles-100.jpg,0,0,244
2020_03_19-fried_noodles-101.jpg,3,0,0
2020_03_19-fried_noodles-102.jpg,3,0,0
2020_03_19-fried_noodles-103.jpg,3,0,0
2020_03_19-fried_noodles-104.jpg,3,0,0
2020_03_19-fried_noodles-106.jpg,5,0,0
2020_03_19-fried_noodles-107.jpg,5,0,0
2020_03_19-fried_noodles-109.jpg,5,0,0
2020_03_19-fried_noodles-110.jpg,5,0,0
2020_03_19-fried_noodles-111.jpg,5,0,0
2020_03_19-fried_noodles-112.jpg,7,0,0
2020_03_19-fried_noodles-113.jpg,7,0,0
2020_03_19-fried_noodles-114.jpg,7,0,0
2020_03_19-fried_noodles-115.jpg,7,0,0
2020_03_19-fried_noodles-116.jpg,7,0,0
2020_03_19-fried_noodles-117.jpg,7,0,0
2020_03_19-fried_noodles-118.jpg,7,0,0
2020_03_19-fried_noodles-126.jpg,12,0,0
2020_03_19-fried_noodles-127.jpg,12,0,0
2020_03_19-fried_noodles-129.jpg,12,0,0
2020_03_19-fried_noodles-130.jpg,12,0,0
2020_03_19-fried_noodles-131.jpg,13,0,0
2020_03_19-fried_noodles-132.jpg,13,0,0
2020_03_19-fried_noodles-133.jpg,13,0,0
2020_03_19-fried_noodles-135.jpg,13,0,0
2020_03_19-fried_noodles-136.jpg,13,0,0
2020_03_19-fried_noodles-137.jpg,13,0,0
2020_03_19-fried_noodles-138.jpg,13,0,0
2020_03_19-fried_noodles-139.jpg,13,0,0
2020_03_19-fried_noodles-140.jpg,13,0,0
2020_03_19-fried_noodles-141.jpg,0,3,0
2020_03_19-fried_noodles-142.jpg,0,3,0
2020_03_19-fried_noodles-144.jpg,0,3,0
2020_03_19-fried_noodles-145.jpg,0,3,0
2020_03_19-fried_noodles-146.jpg,0,5,0
2020_03_19-fried_noodles-147.jpg,0,5,0
2020_03_19-fried_noodles-148.jpg,0,5,0
2020_03_19-fried_noodles-149.jpg,0,5,0
2020_03_19-fried_noodles-150.jpg,0,5,0
2020_03_19-fried_noodles-151.jpg,0,8,0
2020_03_19-fried_noodles-153.jpg,0,8,0
2020_03_19-fried_noodles-154.jpg,0,8,0
2020_03_19-fried_noodles-155.jpg,0,8,0
2020_03_19-fried_noodles-156.jpg,0,10,0
2020_03_19-fried_noodles-157.jpg,0,10,0
2020_03_19-fried_noodles-158.jpg,0,10,0
2020_03_19-fried_noodles-160.jpg,0,10,0
2020_03_19-fried_noodles-161.jpg,0,13,0
2020_03_19-fried_noodles-162.jpg,0,13,0
2020_03_19-fried_noodles-163.jpg,0,13,0
2020_03_19-fried_noodles-164.jpg,0,13,0
2020_03_19-fried_noodles-165.jpg,0,13,0
2020_03_19-fried_noodles-166.jpg,0,16,0
2020_03_19-fried_noodles-167.jpg,0,16,0
2020_03_19-fried_noodles-168.jpg,0,16,0
2020_03_19-fried_noodles-169.jpg,0,16,0
2020_03_19-fried_noodles-170.jpg,0,16,0
2020_03_19-fried_noodles-171.jpg,0,20,0
2020_03_19-fried_noodles-173.jpg,0,20,0
2020_03_19-fried_noodles-174.jpg,0,20,0
2020_03_19-fried_noodles-175.jpg,0,20,0
2020_03_19-fried_noodles-176.jpg,0,24,0
2020_03_19-fried_noodles-177.jpg,0,24,0
2020_03_19-fried_noodles-178.jpg,0,24,0
2020_03_19-fried_noodles-180.jpg,0,24,0
2020_03_19-fried_noodles-182.jpg,0,28,0
2020_03_19-fried_noodles-183.jpg,0,28,0
2020_03_19-fried_noodles-184.jpg,0,28,0
2020_03_19-fried_noodles-185.jpg,0,28,0
2020_03_19-fried_noodles-186.jpg,0,33,0
2020_03_19-fried_noodles-187.jpg,0,33,0
2020_03_19-fried_noodles-188.jpg,0,33,0
2020_03_19-fried_noodles-189.jpg,0,33,0
2020_03_19-fried_noodles-190.jpg,0,33,0
2020_03_19-fried_noodles-191.jpg,0,41,0
2020_03_19-fried_noodles-192.jpg,0,41,0
2020_03_19-fried_noodles-193.jpg,0,41,0
2020_03_19-fried_noodles-194.jpg,0,41,0
2020_03_19-fried_noodles-195.jpg,0,41,0
2020_03_19-fried_noodles-196.jpg,0,51,0
2020_03_19-fried_noodles-197.jpg,0,51,0
2020_03_19-fried_noodles-198.jpg,0,51,0
2020_03_19-fried_noodles-200.jpg,0,51,0
2020_03_19-fried_noodles-202.jpg,0,57,0
2020_03_19-fried_noodles-204.jpg,0,57,0
2020_03_19-fried_noodles-205.jpg,0,57,0
2020_03_19-fried_noodles-206.jpg,0,65,0
2020_03_19-fried_noodles-207.jpg,0,65,0
2020_03_19-fried_noodles-208.jpg,0,65,0
2020_03_19-fried_noodles-209.jpg,0,65,0
2020_03_19-fried_noodles-211.jpg,0,72,0
2020_03_19-fried_noodles-212.jpg,0,72,0
2020_03_19-fried_noodles-213.jpg,0,72,0
2020_03_19-fried_noodles-214.jpg,0,72,0
2020_03_19-fried_noodles-215.jpg,0,72,0
2020_03_19-fried_noodles-216.jpg,0,79,0
2020_03_19-fried_noodles-217.jpg,0,79,0
2020_03_19-fried_noodles-218.jpg,0,79,0
2020_03_19-fried_noodles-219.jpg,0,79,0
2020_03_19-fried_noodles-220.jpg,0,79,0
2020_03_19-fried_noodles-221.jpg,0,82,0
2020_03_19-fried_noodles-222.jpg,0,82,0
2020_03_19-fried_noodles-223.jpg,0,82,0
2020_03_19-fried_noodles-224.jpg,0,82,0
2020_03_19-fried_noodles-225.jpg,0,82,0
2020_09_18-111-top.jpg,0,0,0
2020_09_18-112-top.jpg,0,3,0
2020_09_18-113-top.jpg,0,3,0
2020_09_18-114-top.jpg,3,0,0
2020_09_18-115-top.jpg,3,0,0
2020_09_18-116-top.jpg,3,0,0
2020_09_18-117-top.jpg,3,0,0
2020_09_18-118-top.jpg,5,0,0
2020_09_18-119-top.jpg,5,0,0
2020_09_18-120-top.jpg,1,0,0
2020_09_18-122-top.jpg,2,0,0
2020_09_18-123-top.jpg,2,0,0
2020_09_18-124-top.jpg,2,0,0
2020_09_18-126-top.jpg,7,0,0
2020_09_18-127-top.jpg,7,0,0
2020_09_18-128-top.jpg,11,0,0
2020_09_18-129-top.jpg,11,0,0
2020_09_18-130-top.jpg,11,0,0
2020_09_18-131-top.jpg,17,0,0
2020_09_18-132-top.jpg,17,0,0
2020_09_18-133-top.jpg,17,0,0
2020_09_18-134-top.jpg,17,0,0
2020_09_18-135-top.jpg,0,5,0
2020_09_18-136-top.jpg,0,5,0
2020_09_18-137-top.jpg,0,5,0
2020_09_18-138-top.jpg,0,6,0
2020_09_18-139-top.jpg,0,6,0
2020_09_18-140-top.jpg,0,6,0
2020_09_18-141-top.jpg,0,12,0
2020_09_18-142-top.jpg,0,12,0
2020_09_18-144-top.jpg,0,15,0
2020_09_18-145-top.jpg,0,15,0
2020_09_18-146-top.jpg,0,15,0
2020_09_18-147-top.jpg,0,17,0
2020_09_18-148-top.jpg,0,17,0
2020_09_18-149-top.jpg,0,17,0
2020_09_18-150-top.jpg,0,2,0
2020_09_18-151-top.jpg,0,2,0
2020_09_18-153-top.jpg,3,2,0
2020_09_18-154-top.jpg,3,2,0
2020_09_18-155-top.jpg,3,2,0
2020_09_18-156-top.jpg,3,2,0
2020_09_18-157-top.jpg,3,2,0
2020_09_18-158-top.jpg,6,2,0
2020_09_18-159-top.jpg,6,2,0
2020_09_18-160-top.jpg,6,2,0
2020_09_18-161-top.jpg,6,5,0
2020_09_18-162-top.jpg,6,5,0
2020_09_18-164-top.jpg,9,8,0
2020_09_18-165-top.jpg,9,8,0
2020_09_18-166-top.jpg,9,8,0
2020_09_18-167-top.jpg,12,10,0
2020_09_18-168-top.jpg,12,10,0
2020_09_18-169-top.jpg,12,10,0
2020_09_18-170-top.jpg,16,11,0
2020_09_18-171-top.jpg,16,11,0
2020_09_18-172-top.jpg,16,11,0
2020_09_18-173-top.jpg,0,2,10
2020_09_18-174-top.jpg,0,2,10
2020_09_18-175-top.jpg,0,2,10
2020_09_18-176-top.jpg,0,5,21
2020_09_18-177-top.jpg,0,5,21
2020_09_18-179-top.jpg,0,5,21
2020_09_18-180-top.jpg,0,5,21
2020_09_18-181-top.jpg,0,1,34
2020_09_18-182-top.jpg,0,1,34
2020_09_18-183-top.jpg,0,1,34
2020_09_18-184-top.jpg,0,4,72
2020_09_18-185-top.jpg,0,4,72
2020_09_18-186-top.jpg,0,4,72
2020_09_18-187-top.jpg,0,13,72
2020_09_18-188-top.jpg,0,13,72
2020_09_18-189-top.jpg,0,13,72
2020_09_18-190-top.jpg,0,13,88
2020_09_18-191-top.jpg,0,13,88
2020_09_18-195-top.jpg,3,0,14
2020_09_18-197-top.jpg,3,0,14
2020_09_18-198-top.jpg,4,0,26
2020_09_18-199-top.jpg,4,0,26
2020_09_18-200-top.jpg,4,0,26
2020_09_18-201-top.jpg,4,0,26
2020_09_18-202-top.jpg,4,0,26
2020_09_18-203-top.jpg,5,0,45
2020_09_18-204-top.jpg,5,0,45
2020_09_18-205-top.jpg,5,0,45
2020_09_18-206-top.jpg,5,0,45
2020_09_18-207-top.jpg,5,0,45
2020_09_18-209-top.jpg,8,0,55
2020_09_18-211-top.jpg,8,0,55
2020_09_18-213-top.jpg,4,0,69
2020_09_18-214-top.jpg,4,0,69
2020_09_18-215-top.jpg,4,0,69
2020_09_18-216-top.jpg,4,0,69
2020_09_18-217-top.jpg,4,0,69
2020_09_18-218-top.jpg,7,0,80
2020_09_18-220-top.jpg,7,0,80
2020_09_18-221-top.jpg,7,0,80
2020_09_18-222-top.jpg,7,0,80
2020_09_18-223-top.jpg,11,0,89
2020_09_18-224-top.jpg,11,0,89
2020_09_18-225-top.jpg,11,0,89
2020_09_18-226-top.jpg,11,0,89
2020_09_18-227-top.jpg,11,0,89
2020_09_18-228-top.jpg,15,0,102
2020_09_18-230-top.jpg,15,0,102
2020_09_18-231-top.jpg,15,0,102
2020_09_18-232-top.jpg,15,0,102
2020_09_18-234-top.jpg,3,3,8
2020_09_18-235-top.jpg,3,3,8
2020_09_18-236-top.jpg,3,3,8
2020_09_18-237-top.jpg,3,3,8
2020_09_18-238-top.jpg,3,3,8
2020_09_18-239-top.jpg,5,4,13
2020_09_18-240-top.jpg,5,4,13
2020_09_18-242-top.jpg,5,4,13
2020_09_18-243-top.jpg,5,4,13
2020_09_18-244-top.jpg,6,6,29
2020_09_18-245-top.jpg,6,6,29
2020_09_18-247-top.jpg,6,6,29
2020_09_18-248-top.jpg,6,6,29
2020_09_18-249-top.jpg,9,7,42
2020_09_18-250-top.jpg,9,7,42
2020_09_18-251-top.jpg,9,7,42
2020_09_18-252-top.jpg,9,7,42
2020_09_18-253-top.jpg,9,7,42
2020_09_18-255-top.jpg,14,9,53
2020_09_18-256-top.jpg,14,9,53
2020_09_18-259-top.jpg,15,15,60
2020_09_18-261-top.jpg,15,15,60
2020_09_18-263-top.jpg,15,15,60
2020_09_18-264-top.jpg,15,15,60
2020_09_18-265-top.jpg,15,15,60
2020_09_18-266-top.jpg,15,15,60
2020_09_18-267-top.jpg,15,15,60
2020_09_18-268-top.jpg,15,15,60
2020_09_18-269-top.jpg,15,15,60
2020_09_18-270-top.jpg,15,15,60
